2017-01-01,805,DESCENDING,37,-11.7947,-18.1706,34.6895
2017-01-04,805,ASCENDING,88,-7.7055,-12.6739,40.2511
2017-01-08,805,DESCENDING,139,-9.0762,-15.3614,43.3854
2017-01-11,805,ASCENDING,15,-7.0474,-14.1389,31.1104
2017-01-13,805,DESCENDING,37,-9.1669,-15.4798,34.6905
2017-01-16,805,ASCENDING,88,-9.9843,-17.9527,40.2506
2017-01-20,805,DESCENDING,139,-13.3916,-23.7226,43.3865
2017-01-23,805,ASCENDING,15,-12.2959,-20.2159,31.1104
2017-01-25,805,DESCENDING,37,-12.8256,-21.4186,34.6911
2017-01-28,805,ASCENDING,88,-9.8945,-18.7331,40.2513
2017-02-01,805,DESCENDING,139,-12.6074,-22.7817,43.3877
2017-02-04,805,ASCENDING,15,-7.1083,-14.9208,31.1113
2017-02-06,805,DESCENDING,37,-9.8908,-20.2755,34.6916
2017-02-09,805,ASCENDING,88,-9.5181,-18.2796,40.2521
2017-02-13,805,DESCENDING,139,-11.6444,-20.9028,43.3882
2017-02-16,805,ASCENDING,15,-8.5783,-18.3305,31.1116
2017-02-18,805,DESCENDING,37,-9.6391,-18.4076,34.6940
2017-02-21,805,ASCENDING,88,-9.0775,-16.6079,40.2526
2017-02-25,805,DESCENDING,139,-9.4192,-19.2728,43.3902
2017-02-28,805,ASCENDING,15,-7.3933,-17.7353,31.1133
2017-03-02,805,DESCENDING,37,-7.7671,-16.7637,34.6960
2017-03-05,805,ASCENDING,88,-8.2108,-17.7666,40.2537
2017-03-09,805,DESCENDING,139,-7.9246,-14.8300,43.3927
2017-03-12,805,ASCENDING,15,-6.6752,-17.5814,31.1151
2017-03-14,805,DESCENDING,37,-8.4534,-18.0293,34.6985
2017-03-17,805,ASCENDING,88,-8.2043,-18.6435,40.2554
2017-03-21,805,DESCENDING,139,-8.7027,-16.7048,43.3951
2017-03-24,805,ASCENDING,15,-7.6088,-17.8576,31.1155
2017-03-26,805,DESCENDING,37,-9.3575,-19.7824,34.7001
2017-03-29,805,ASCENDING,88,-10.6082,-20.8372,40.2564
2017-04-02,805,DESCENDING,139,-10.6368,-19.1520,43.3883
2017-04-05,805,ASCENDING,15,-13.4052,-22.2732,31.1174
2017-04-07,805,DESCENDING,37,-13.2840,-22.3019,34.6974
2017-04-10,805,ASCENDING,88,-13.5780,-22.6565,40.2613
2017-04-14,805,DESCENDING,139,-13.7807,-24.0928,43.3866
2017-04-17,805,ASCENDING,15,-8.6890,-18.4700,31.1210
2017-04-19,805,DESCENDING,37,-10.2303,-20.1629,34.6971
2017-04-22,805,ASCENDING,88,-13.3868,-22.3424,40.2609
2017-04-26,805,DESCENDING,139,-13.3438,-23.9629,43.3878
2017-04-29,805,ASCENDING,15,-13.7805,-22.8452,31.1198
2017-05-01,805,DESCENDING,37,-9.6476,-18.2791,34.6978
2017-05-04,805,ASCENDING,88,-9.4505,-18.0440,40.2627
2017-05-08,805,DESCENDING,139,-12.2699,-21.5305,43.3865
2017-05-11,805,ASCENDING,15,-13.1078,-22.6875,31.1222
2017-05-13,805,DESCENDING,37,-11.0959,-20.5893,34.6960
2017-05-16,805,ASCENDING,88,-13.2681,-22.7864,40.2611
2017-05-20,805,DESCENDING,139,-8.7180,-16.3486,43.3869
2017-05-23,805,ASCENDING,15,-12.8321,-20.6570,31.1087
2017-05-25,805,DESCENDING,37,-10.7204,-18.2161,34.7001
2017-05-28,805,ASCENDING,88,-10.5734,-17.9848,40.2623
2017-06-01,805,DESCENDING,139,-9.6021,-16.3420,43.3952
2017-06-04,805,ASCENDING,15,-10.5447,-16.3344,31.1100
2017-06-06,805,DESCENDING,37,-11.5289,-16.9129,34.7011
2017-06-09,805,ASCENDING,88,-8.4816,-13.4864,40.2608
2017-06-13,805,DESCENDING,139,-10.7395,-15.7694,43.3964
2017-06-16,805,ASCENDING,15,-10.3445,-15.3419,31.1089
2017-06-18,805,DESCENDING,37,-10.3034,-14.7136,34.7023
2017-06-25,805,DESCENDING,139,-5.9237,-11.6688,43.3957
2017-06-28,805,ASCENDING,15,-8.2613,-13.5708,31.1105
2017-06-30,805,DESCENDING,37,-6.9035,-12.7155,34.7021
2017-07-03,805,ASCENDING,88,-6.6669,-13.3935,40.2607
2017-07-10,805,ASCENDING,15,-6.7673,-12.6716,31.1091
2017-07-12,805,DESCENDING,37,-5.4492,-10.6994,34.7025
2017-07-15,805,ASCENDING,88,-6.7958,-12.6708,40.2603
2017-07-19,805,DESCENDING,139,-6.7619,-12.3585,43.3986
2017-07-22,805,ASCENDING,15,-6.1705,-12.4482,31.1100
2017-07-24,805,DESCENDING,37,-5.2655,-10.9501,34.7015
2017-07-27,805,ASCENDING,88,-6.3889,-12.3565,40.2623
2017-07-31,805,DESCENDING,139,-5.9088,-11.1570,43.3959
2017-08-03,805,ASCENDING,15,-5.4814,-12.4835,31.1096
2017-08-05,805,DESCENDING,37,-4.9540,-10.9700,34.7016
2017-08-08,805,ASCENDING,88,-6.5124,-12.5195,40.2615
2017-08-12,805,DESCENDING,139,-6.3876,-12.3298,43.3962
2017-08-15,805,ASCENDING,15,-5.5506,-11.9840,31.1092
2017-08-17,805,DESCENDING,37,-4.6710,-10.6650,34.7023
2017-08-20,805,ASCENDING,88,-5.7171,-11.9577,40.2598
2017-08-24,805,DESCENDING,139,-6.4210,-11.8409,43.3946
2017-08-27,805,ASCENDING,15,-6.0336,-12.1612,31.1111
2017-08-29,805,DESCENDING,37,-5.7948,-11.2263,34.6998
2017-09-01,805,ASCENDING,88,-6.2354,-12.5296,40.2608
2017-09-05,805,DESCENDING,139,-6.5819,-12.1598,43.3946
2017-09-08,805,ASCENDING,15,-4.6467,-11.2018,31.1087
2017-09-10,805,DESCENDING,37,-5.2973,-11.0915,34.6981
2017-09-13,805,ASCENDING,88,-6.2378,-12.5103,40.2592
2017-09-17,805,DESCENDING,139,-5.0455,-10.7952,43.3930
2017-09-20,805,ASCENDING,15,-6.2196,-12.7786,31.1061
2017-09-22,805,DESCENDING,37,-5.6103,-11.9746,34.6982
2017-09-25,805,ASCENDING,88,-6.4218,-12.7346,40.2577
2017-09-29,805,DESCENDING,139,-6.0419,-12.0288,43.3927
2017-10-02,805,ASCENDING,15,-5.8931,-12.6979,31.1054
2017-10-04,805,DESCENDING,37,-5.6696,-11.7407,34.6977
2017-10-07,805,ASCENDING,88,-7.7642,-15.3000,40.2566
2017-10-11,805,DESCENDING,139,-7.2601,-14.9499,43.3911
2017-10-14,805,ASCENDING,15,-6.6724,-14.6537,31.1040
2017-10-16,805,DESCENDING,37,-6.6072,-16.1625,34.6986
2017-10-19,805,ASCENDING,88,-9.2632,-16.5478,40.2546
2017-10-23,805,DESCENDING,139,-8.9539,-16.9187,43.3901
2017-10-26,805,ASCENDING,15,-9.2657,-18.3415,31.1005
2017-10-28,805,DESCENDING,37,-9.0409,-18.4145,34.6973
2017-10-31,805,ASCENDING,88,-8.2056,-18.1431,40.2531
2017-11-04,805,DESCENDING,139,-9.6400,-19.2837,43.3894
2017-11-07,805,ASCENDING,15,-5.8309,-16.2026,31.0990
2017-11-09,805,DESCENDING,37,-6.5767,-15.3313,34.6963
2017-11-12,805,ASCENDING,88,-5.7017,-15.5709,40.2521
2017-11-16,805,DESCENDING,139,-7.3271,-16.2982,43.3886
2017-11-19,805,ASCENDING,15,-5.5314,-15.5177,31.1049
2017-11-21,805,DESCENDING,37,-6.3276,-14.7345,34.6958
2017-11-24,805,ASCENDING,88,-5.6062,-15.1744,40.2514
2017-11-28,805,DESCENDING,139,-6.3266,-15.3562,43.3875
2017-12-01,805,ASCENDING,15,-4.8902,-14.5152,31.1043
2017-12-03,805,DESCENDING,37,-7.6959,-16.9221,34.6954
2017-12-06,805,ASCENDING,88,-5.8265,-15.4521,40.2507
2017-12-10,805,DESCENDING,139,-9.7670,-19.0230,43.3873
2017-12-13,805,ASCENDING,15,-4.3344,-14.3440,31.1037
2017-12-15,805,DESCENDING,37,-5.3339,-14.5439,34.6946
2017-12-18,805,ASCENDING,88,-5.6371,-14.9940,40.2505
2017-12-22,805,DESCENDING,139,-5.5804,-14.7339,43.3868
2017-12-25,805,ASCENDING,15,-4.8405,-15.0763,31.1032
2017-12-27,805,DESCENDING,37,-5.7641,-14.8577,34.6940
2017-12-30,805,ASCENDING,88,-5.6439,-15.0146,40.2504
2018-01-03,805,DESCENDING,139,-6.1735,-15.5353,43.3874
2018-01-06,805,ASCENDING,15,-5.1061,-15.1433,31.1032
2018-01-08,805,DESCENDING,37,-6.1768,-15.4851,34.6943
2018-01-11,805,ASCENDING,88,-6.2681,-15.8875,40.2507
2018-01-15,805,DESCENDING,139,-7.2013,-16.6075,43.3872
2018-01-18,805,ASCENDING,15,-5.1065,-15.3602,31.1038
2018-01-20,805,DESCENDING,37,-6.2688,-15.4878,34.6950
2018-01-23,805,ASCENDING,88,-6.3000,-15.8365,40.2512
2018-01-27,805,DESCENDING,139,-7.2324,-16.1503,43.3878
2018-01-30,805,ASCENDING,15,-5.3914,-16.1723,31.1050
2018-02-01,805,DESCENDING,37,-6.7338,-15.3303,34.6957
2018-02-04,805,ASCENDING,88,-6.5179,-16.5773,40.2513
2018-02-08,805,DESCENDING,139,-11.7655,-22.2130,43.3886
2018-02-11,805,ASCENDING,15,-5.3597,-15.5775,31.1052
2018-02-13,805,DESCENDING,37,-11.5326,-20.7318,34.6970
2018-02-16,805,ASCENDING,88,-6.7294,-16.7938,40.2519
2018-02-20,805,DESCENDING,139,-12.3913,-21.6605,43.3906
2018-02-23,805,ASCENDING,15,-9.4576,-19.6608,31.1058
2018-02-25,805,DESCENDING,37,-13.6753,-22.3440,34.6994
2018-02-28,805,ASCENDING,88,-14.1121,-23.5954,40.2533
2018-03-04,805,DESCENDING,139,-13.3914,-22.7212,43.3932
2018-03-07,805,ASCENDING,15,-6.2949,-16.9073,31.1075
2018-03-09,805,DESCENDING,37,-8.7677,-17.4690,34.7016
2018-03-12,805,ASCENDING,88,-7.3298,-16.7025,40.2545
2018-03-19,805,ASCENDING,15,-6.6381,-17.2978,31.1090
2018-03-21,805,DESCENDING,37,-12.4195,-21.2745,34.7018
2018-03-24,805,ASCENDING,88,-8.2650,-17.3610,40.2558
2018-03-28,805,DESCENDING,139,-9.3628,-15.2315,43.3968
2018-03-31,805,ASCENDING,15,-7.8265,-16.8950,31.1113
2018-04-02,805,DESCENDING,37,-9.4228,-15.9560,34.7035
2018-04-05,805,ASCENDING,88,-9.8879,-16.9725,40.2508
2018-04-09,805,DESCENDING,139,-11.9870,-17.5335,43.3985
2018-04-12,805,ASCENDING,15,-9.4567,-15.7624,31.1161
2018-04-14,805,DESCENDING,37,-11.4021,-16.4516,34.7022
2018-04-17,805,ASCENDING,88,-12.8935,-16.9754,40.2547
2018-04-21,805,DESCENDING,139,-14.6525,-18.4717,43.3965
2018-04-24,805,ASCENDING,15,-13.5863,-16.8910,31.1150
2018-04-26,805,DESCENDING,37,-15.0305,-17.8408,34.7024
2018-04-29,805,ASCENDING,88,-16.4643,-18.7816,40.2545
2018-05-03,805,DESCENDING,139,-16.4717,-19.5299,43.3968
2018-05-06,805,ASCENDING,15,-16.7157,-19.4596,31.1147
2018-05-08,805,DESCENDING,37,-16.1543,-20.1575,34.7033
2018-05-11,805,ASCENDING,88,-17.9104,-21.8402,40.2549
2018-05-15,805,DESCENDING,139,-16.3422,-21.3425,43.3962
2018-05-18,805,ASCENDING,15,-17.4668,-20.7181,31.1146
2018-05-20,805,DESCENDING,37,-17.4025,-21.7810,34.7024
2018-05-23,805,ASCENDING,88,-15.0469,-20.6568,40.2528
2018-05-27,805,DESCENDING,139,-13.1413,-20.5263,43.3959
2018-05-30,805,ASCENDING,15,-15.2634,-20.0907,31.1163
2018-06-01,805,DESCENDING,37,-13.7257,-19.0395,34.7007
2018-06-04,805,ASCENDING,88,-12.7365,-18.8383,40.2540
2018-06-08,805,DESCENDING,139,-13.1637,-19.4688,43.3959
2018-06-11,805,ASCENDING,15,-14.4073,-18.9665,31.1143
2018-06-13,805,DESCENDING,37,-13.8438,-18.7826,34.7021
2018-06-16,805,ASCENDING,88,-13.7164,-18.9054,40.2383
2018-06-20,805,DESCENDING,139,-11.4866,-18.1117,43.3988
2018-06-23,805,ASCENDING,15,-13.6718,-18.9012,31.1165
2018-06-25,805,DESCENDING,37,-13.4653,-19.0317,34.7014
2018-06-28,805,ASCENDING,88,-11.7648,-18.6495,40.2414
2018-07-02,805,DESCENDING,139,-11.1708,-18.9720,43.3963
2018-07-05,805,ASCENDING,15,-12.9201,-19.6571,31.1153
2018-07-07,805,DESCENDING,37,-13.4695,-19.9641,34.7018
2018-07-10,805,ASCENDING,88,-11.2994,-18.3607,40.2470
2018-07-14,805,DESCENDING,139,-14.4646,-22.1557,43.3958
2018-07-17,805,ASCENDING,15,-13.5450,-24.3147,31.1160
2018-07-19,805,DESCENDING,37,-14.5336,-24.1960,34.7022
2018-07-22,805,ASCENDING,88,-14.8453,-25.3160,40.2399
2018-07-26,805,DESCENDING,139,-15.4638,-25.9366,43.3972
2018-07-29,805,ASCENDING,15,-14.0440,-26.0572,31.1153
2018-07-31,805,DESCENDING,37,-14.8495,-25.9179,34.7031
2018-08-03,805,ASCENDING,88,-14.8599,-25.3183,40.2413
2018-08-03,805,ASCENDING,88,-14.8643,-25.3188,40.2413
2018-08-07,805,DESCENDING,139,-15.5309,-25.8058,43.3958
2018-08-07,805,DESCENDING,139,-15.5307,-26.3094,43.2296
2018-08-10,805,ASCENDING,15,-14.1992,-25.8114,31.1154
2018-08-10,805,ASCENDING,15,-14.2310,-25.8074,31.1154
2018-08-12,805,DESCENDING,37,-15.3512,-25.4548,34.7016
2018-08-12,805,DESCENDING,37,-15.2845,-25.4439,34.6362
2018-08-15,805,ASCENDING,88,-14.9225,-25.9300,40.2398
2018-08-15,805,ASCENDING,88,-14.9203,-25.9246,40.2398
2018-08-19,805,DESCENDING,139,-15.6596,-22.8436,43.3974
2018-08-19,805,DESCENDING,139,-15.7240,-22.9479,43.2311
2018-08-22,805,ASCENDING,15,-13.6443,-26.4519,31.1145
2018-08-22,805,ASCENDING,15,-13.6713,-26.4399,31.1146
2018-08-24,805,DESCENDING,37,-14.1576,-19.9715,34.7026
2018-08-24,805,DESCENDING,37,-14.1635,-20.0297,34.6346
2018-08-27,805,ASCENDING,88,-11.5481,-21.9088,40.2398
2018-08-27,805,ASCENDING,88,-11.5460,-21.9024,40.2397
2018-08-31,805,DESCENDING,139,-12.1584,-21.7862,43.3969
2018-08-31,805,DESCENDING,139,-12.1546,-21.9685,43.2283
2018-09-03,805,ASCENDING,15,-10.7084,-20.9616,31.1148
2018-09-03,805,ASCENDING,15,-10.7006,-20.9467,31.1148
2018-09-05,805,DESCENDING,37,-11.1395,-21.5671,34.7027
2018-09-05,805,DESCENDING,37,-11.1723,-21.4300,34.6336
2018-09-08,805,ASCENDING,88,-10.7331,-21.3414,40.2394
2018-09-08,805,ASCENDING,88,-10.7373,-21.4136,40.2393
2018-09-12,805,DESCENDING,139,-11.7791,-21.7724,43.3976
2018-09-12,805,DESCENDING,139,-11.8400,-21.7791,43.2337
2018-09-15,805,ASCENDING,15,-11.1132,-22.5429,31.1153
2018-09-15,805,ASCENDING,15,-11.1068,-22.6020,31.1152
2018-09-17,805,DESCENDING,37,-11.5277,-22.0678,34.7009
2018-09-17,805,DESCENDING,37,-11.5277,-22.0520,34.6315
2018-09-20,805,ASCENDING,88,-12.6437,-22.4051,40.2395
2018-09-20,805,ASCENDING,88,-12.6412,-22.3501,40.2394
2018-09-24,805,DESCENDING,139,-8.3894,-15.0780,43.3948
2018-09-24,805,DESCENDING,139,-8.4228,-15.1075,43.2296
2018-09-27,805,ASCENDING,15,-10.2205,-20.3468,31.1145
2018-09-27,805,ASCENDING,15,-10.1535,-20.2806,31.1146
2018-09-29,805,DESCENDING,37,-9.0519,-18.1579,34.6988
2018-09-29,805,DESCENDING,37,-9.0137,-18.2818,34.6289
2018-10-02,805,ASCENDING,88,-10.3613,-19.9025,40.2457
2018-10-02,805,ASCENDING,88,-10.3859,-19.9170,40.2456
2018-10-06,805,DESCENDING,139,-12.3427,-21.4087,43.3915
2018-10-06,805,DESCENDING,139,-12.3414,-21.5416,43.2261
2018-10-09,805,ASCENDING,15,-11.1118,-22.2852,31.1107
2018-10-09,805,ASCENDING,15,-11.1103,-22.2212,31.1107
2018-10-11,805,DESCENDING,37,-11.6681,-21.3028,34.6990
2018-10-11,805,DESCENDING,37,-11.6669,-21.1565,34.6373
2018-10-14,805,ASCENDING,88,-12.6728,-22.4736,40.2426
2018-10-14,805,ASCENDING,88,-12.6383,-22.3379,40.2427
2018-10-18,805,DESCENDING,139,-12.7148,-22.0316,43.3901
2018-10-18,805,DESCENDING,139,-12.7177,-22.0908,43.2241
2018-10-21,805,ASCENDING,15,-12.4512,-23.4315,31.1090
2018-10-21,805,ASCENDING,15,-12.4573,-23.4475,31.1091
2018-10-23,805,DESCENDING,37,-11.2007,-21.1007,34.6975
2018-10-23,805,DESCENDING,37,-11.2055,-20.9682,34.6344
2018-10-26,805,ASCENDING,88,-11.9859,-21.7092,40.2402
2018-10-26,805,ASCENDING,88,-11.9484,-21.7802,40.2402
2018-10-30,805,DESCENDING,139,-8.6779,-15.7686,43.3885
2018-10-30,805,DESCENDING,139,-8.6753,-15.7294,43.2226
2018-11-02,805,ASCENDING,15,-6.9852,-16.3437,31.1063
2018-11-02,805,ASCENDING,15,-6.9876,-16.3477,31.1063
2018-11-04,805,DESCENDING,37,-10.1072,-18.4090,34.6958
2018-11-07,805,ASCENDING,88,-9.7636,-18.9700,40.2377
2018-11-07,805,ASCENDING,88,-9.7643,-18.9666,40.2378
2018-11-11,805,DESCENDING,139,-9.5494,-17.3478,43.3876
2018-11-11,805,DESCENDING,139,-9.5760,-17.4066,43.2225
2018-11-14,805,ASCENDING,15,-8.0303,-17.6657,31.1042
2018-11-14,805,ASCENDING,15,-8.0303,-17.6552,31.1042
2018-11-16,805,DESCENDING,37,-8.6431,-17.0941,34.6954
2018-11-16,805,DESCENDING,37,-8.6416,-17.0939,34.6223
2018-11-19,805,ASCENDING,88,-10.1746,-19.6567,40.2376
2018-11-19,805,ASCENDING,88,-10.1665,-19.6581,40.2376
2018-11-23,805,DESCENDING,139,-10.5815,-20.4076,43.3877
2018-11-23,805,DESCENDING,139,-10.6082,-20.4093,43.2228
2018-11-26,805,ASCENDING,15,-6.5155,-16.7318,31.1039
2018-11-26,805,ASCENDING,15,-6.4840,-16.7652,31.1039
2018-11-28,805,DESCENDING,37,-7.3265,-16.7027,34.6946
2018-11-28,805,DESCENDING,37,-7.3305,-16.7240,34.6225
2018-12-01,805,ASCENDING,88,-7.8038,-17.0491,40.2363
2018-12-01,805,ASCENDING,88,-7.7993,-17.0523,40.2364
2018-12-05,805,DESCENDING,139,-6.9200,-16.0191,43.3868
2018-12-05,805,DESCENDING,139,-6.9842,-16.0469,43.2229
2018-12-08,805,ASCENDING,15,-5.1692,-14.5135,31.1044
2018-12-08,805,ASCENDING,15,-5.2083,-14.4842,31.1043
2018-12-13,805,ASCENDING,88,-9.3620,-18.9876,40.2363
2018-12-13,805,ASCENDING,88,-9.3628,-18.9832,40.2363
2018-12-17,805,DESCENDING,139,-10.9257,-21.0971,43.3859
2018-12-17,805,DESCENDING,139,-10.9880,-21.1561,43.2175
2018-12-20,805,ASCENDING,15,-5.0378,-15.0175,31.1028
2018-12-20,805,ASCENDING,15,-5.0209,-15.0123,31.1027
2018-12-22,805,DESCENDING,37,-4.4916,-13.3313,34.6939
2018-12-22,805,DESCENDING,37,-4.4878,-13.3248,34.6223
2018-12-25,805,ASCENDING,88,-5.8890,-14.7020,40.2353
2018-12-25,805,ASCENDING,88,-5.8863,-14.7328,40.2354
2018-12-29,805,DESCENDING,139,-5.7942,-14.7329,43.3865
2018-12-29,805,DESCENDING,139,-5.7983,-14.7662,43.2194
2019-01-01,805,ASCENDING,15,-3.9065,-14.0177,31.1026
2019-01-01,805,ASCENDING,15,-3.9089,-13.9815,31.1024
2019-01-03,805,DESCENDING,37,-6.1366,-15.2792,34.6940
2019-01-03,805,DESCENDING,37,-6.1079,-15.2859,34.6235
2019-01-06,805,ASCENDING,88,-5.4536,-14.3585,40.2373
2019-01-10,805,DESCENDING,139,-5.9235,-14.7947,43.3873
2019-01-13,805,ASCENDING,15,-3.6542,-13.7362,31.1041
2019-01-15,805,DESCENDING,37,-4.7340,-13.7356,34.6946
2019-01-18,805,ASCENDING,88,-5.8612,-14.8922,40.2374
2019-01-22,805,DESCENDING,139,-10.9210,-22.4695,43.3879
2019-01-25,805,ASCENDING,15,-6.1487,-17.5954,31.1041
2019-01-27,805,DESCENDING,37,-4.7667,-13.8906,34.6950
2019-01-30,805,ASCENDING,88,-8.5795,-19.0301,40.2375
2019-02-03,805,DESCENDING,139,-6.4504,-15.4199,43.3881
2019-02-06,805,ASCENDING,15,-3.7815,-14.5165,31.1048
2019-02-08,805,DESCENDING,37,-5.5276,-14.8274,34.6955
2019-02-11,805,ASCENDING,88,-5.1361,-14.8450,40.2376
2019-02-18,805,ASCENDING,15,-5.8486,-18.1552,31.1053
2019-02-20,805,DESCENDING,37,-6.9171,-16.9052,34.6982
2019-02-23,805,ASCENDING,88,-8.2667,-19.3441,40.2380
2019-02-27,805,DESCENDING,139,-10.2013,-21.0393,43.3907
2019-03-02,805,ASCENDING,15,-4.5969,-16.4610,31.1059
2019-03-04,805,DESCENDING,37,-7.5483,-17.9102,34.6999
2019-03-07,805,ASCENDING,88,-5.6056,-16.2977,40.2388
2019-03-11,805,DESCENDING,139,-6.0203,-15.5898,43.3938
2019-03-14,805,ASCENDING,15,-3.0291,-14.8390,31.1074
2019-03-16,805,DESCENDING,37,-4.5479,-14.0326,34.6998
2019-03-19,805,ASCENDING,88,-5.3597,-16.8492,40.2405
2019-03-23,805,DESCENDING,139,-9.2934,-19.6527,43.3957
2019-03-26,805,ASCENDING,15,-6.2908,-19.9521,31.1091
2019-03-28,805,DESCENDING,37,-8.6054,-19.5967,34.7025
2019-03-31,805,ASCENDING,88,-11.2995,-23.4393,40.2424
2019-04-04,805,DESCENDING,139,-8.7302,-18.7824,43.3984
2019-04-07,805,ASCENDING,15,-10.2703,-23.1853,31.1113
2019-04-09,805,DESCENDING,37,-8.3655,-19.9728,34.7060
2019-04-12,805,ASCENDING,88,-12.0816,-23.5758,40.2409
2019-04-16,805,DESCENDING,139,-13.2316,-24.3001,43.3963
2019-04-19,805,ASCENDING,15,-11.1121,-23.2207,31.1164
2019-04-21,805,DESCENDING,37,-12.4755,-24.0674,34.7005
2019-04-24,805,ASCENDING,88,-6.5270,-17.0309,40.2402
2019-04-28,805,DESCENDING,139,-14.9024,-23.9763,43.3958
2019-05-01,805,ASCENDING,15,-15.1909,-24.8095,31.1146
2019-05-03,805,DESCENDING,37,-11.7189,-18.5957,34.7016
2019-05-06,805,ASCENDING,88,-12.4665,-19.8622,40.2458
2019-05-13,805,ASCENDING,15,-14.5657,-24.6828,31.1125
2019-05-15,805,DESCENDING,37,-14.1552,-23.5548,34.6995
2019-05-18,805,ASCENDING,88,-14.7154,-23.6775,40.2440
2019-05-22,805,DESCENDING,139,-11.6586,-18.1735,43.3956
2019-05-25,805,ASCENDING,15,-14.2008,-24.9517,31.1112
2019-05-27,805,DESCENDING,37,-10.7206,-17.5861,34.7030
2019-05-30,805,ASCENDING,88,-14.7225,-23.8120,40.2400
2019-06-03,805,DESCENDING,139,-9.6556,-16.3862,43.3966
2019-06-06,805,ASCENDING,15,-7.9345,-15.1441,31.1139
2019-06-08,805,DESCENDING,37,-9.7299,-17.6566,34.7038
2019-06-11,805,ASCENDING,88,-10.5357,-17.7909,40.2385
2019-06-15,805,DESCENDING,139,-6.8234,-13.0479,43.3970
2019-06-18,805,ASCENDING,15,-9.3415,-15.4031,31.1155
2019-06-20,805,DESCENDING,37,-6.8265,-13.8615,34.7009
2019-06-23,805,ASCENDING,88,-8.7612,-14.9517,40.2412
2019-06-27,805,DESCENDING,139,-7.1069,-14.2623,43.3957
2019-06-30,805,ASCENDING,15,-7.9488,-14.5343,31.1155
2019-07-02,805,DESCENDING,37,-7.3577,-14.9734,34.7018
2019-07-05,805,ASCENDING,88,-7.6964,-14.0772,40.2392
2019-07-09,805,DESCENDING,139,-7.7673,-14.5147,43.3982
2019-07-12,805,ASCENDING,15,-6.8912,-13.5938,31.1165
2019-07-14,805,DESCENDING,37,-6.9850,-14.2595,34.7011
2019-07-17,805,ASCENDING,88,-6.8256,-13.9087,40.2414
2019-07-21,805,DESCENDING,139,-6.6729,-13.7393,43.3959
2019-07-24,805,ASCENDING,15,-6.9547,-13.4803,31.1153
2019-07-26,805,DESCENDING,37,-6.9217,-14.1740,34.7020
2019-07-29,805,ASCENDING,88,-6.7974,-13.6027,40.2395
2019-08-02,805,DESCENDING,139,-6.9541,-13.8253,43.3964
2019-08-05,805,ASCENDING,15,-7.1111,-13.7313,31.1146
2019-08-07,805,DESCENDING,37,-6.7374,-13.9219,34.7033
2019-08-10,805,ASCENDING,88,-7.1384,-13.1528,40.2410
2019-08-14,805,DESCENDING,139,-7.0499,-13.4211,43.3961
2019-08-17,805,ASCENDING,15,-7.1397,-14.0921,31.1160
2019-08-19,805,DESCENDING,37,-5.9527,-13.2667,34.7011
2019-08-22,805,ASCENDING,88,-7.2002,-13.7127,40.2468
2019-08-26,805,DESCENDING,139,-7.0766,-14.2380,43.3963
2019-08-29,805,ASCENDING,15,-7.1740,-13.7191,31.1153
2019-08-31,805,DESCENDING,37,-7.1422,-14.0464,34.7009
2019-09-03,805,ASCENDING,88,-7.4541,-14.1121,40.2398
2019-09-07,805,DESCENDING,139,-7.4824,-14.2397,43.3960
2019-09-10,805,ASCENDING,15,-7.5173,-11.9681,31.1145
2019-09-12,805,DESCENDING,37,-7.5152,-12.8572,34.7009
2019-09-15,805,ASCENDING,88,-9.7047,-15.0861,40.2393
2019-09-19,805,DESCENDING,139,-11.7813,-17.4727,43.3930
2019-09-22,805,ASCENDING,15,-13.4100,-20.9636,31.1140
2019-09-24,805,DESCENDING,37,-10.2809,-16.8311,34.6973
2019-09-27,805,ASCENDING,88,-11.5296,-19.4099,40.2446
2019-10-01,805,DESCENDING,139,-12.0319,-20.7174,43.3919
2019-10-04,805,ASCENDING,15,-7.4197,-15.3379,31.1122
2019-10-06,805,DESCENDING,37,-8.1687,-17.0315,34.6998
2019-10-09,805,ASCENDING,88,-8.9246,-16.6548,40.2431
2019-10-13,805,DESCENDING,139,-8.5787,-17.0955,43.3909
2019-10-16,805,ASCENDING,15,-8.4219,-17.7733,31.1100
2019-10-18,805,DESCENDING,37,-8.1390,-17.7057,34.6978
2019-10-21,805,ASCENDING,88,-9.2027,-17.5407,40.2411
2019-10-25,805,DESCENDING,139,-8.0756,-18.5918,43.3890
2019-10-28,805,ASCENDING,15,-8.7223,-18.0287,31.1064
2019-10-30,805,DESCENDING,37,-9.6666,-19.3453,34.6962
2019-11-02,805,ASCENDING,88,-8.4232,-16.5926,40.2391
2019-11-06,805,DESCENDING,139,-7.9562,-15.7071,43.3889
2019-11-09,805,ASCENDING,15,-7.7139,-16.7170,31.1071
2019-11-11,805,DESCENDING,37,-7.6100,-16.3448,34.6968
2019-11-14,805,ASCENDING,88,-9.1090,-17.9110,40.2394
2019-11-18,805,DESCENDING,139,-7.1419,-14.5761,43.3879
2019-11-21,805,ASCENDING,15,-5.5291,-14.2680,31.1054
2019-11-23,805,DESCENDING,37,-6.2361,-14.8571,34.6947
2019-11-26,805,ASCENDING,88,-7.2593,-15.1046,40.2374
2019-11-30,805,DESCENDING,139,-8.8928,-16.7310,43.3861
2019-12-03,805,ASCENDING,15,-5.9057,-14.7992,31.1039
2019-12-05,805,DESCENDING,37,-10.0159,-19.6579,34.6933
2019-12-08,805,ASCENDING,88,-6.8329,-14.6386,40.2364
2019-12-12,805,DESCENDING,139,-6.9223,-14.5481,43.3860
2019-12-15,805,ASCENDING,15,-5.4681,-14.9739,31.1026
2019-12-17,805,DESCENDING,37,-6.1745,-14.5270,34.6929
2019-12-20,805,ASCENDING,88,-6.6367,-14.8900,40.2354
2019-12-24,805,DESCENDING,139,-7.0493,-14.6685,43.3857
2019-12-27,805,ASCENDING,15,-5.5922,-14.3430,31.1020
2019-12-29,805,DESCENDING,37,-10.4863,-20.0281,34.6930
2020-01-01,805,ASCENDING,88,-8.6441,-16.9524,40.2352
2020-01-05,805,DESCENDING,139,-7.0488,-15.1698,43.3862
2020-01-08,805,ASCENDING,15,-5.5319,-14.9677,31.1025
2020-01-10,805,DESCENDING,37,-6.4238,-14.5467,34.6946
2020-01-13,805,ASCENDING,88,-6.9197,-15.7077,40.2353
2020-01-17,805,DESCENDING,139,-7.7621,-16.4552,43.3874
2020-01-20,805,ASCENDING,15,-5.8562,-15.0192,31.1031
2020-01-22,805,DESCENDING,37,-11.2398,-20.7123,34.6955
2020-01-25,805,ASCENDING,88,-7.3633,-16.0199,40.2365
2020-01-29,805,DESCENDING,139,-7.2630,-15.6057,43.3886
2020-02-01,805,ASCENDING,15,-5.2218,-14.9692,31.1170
2020-02-03,805,DESCENDING,37,-6.6710,-15.0504,34.6987
2020-02-06,805,ASCENDING,88,-7.0170,-15.7219,40.2486
2020-02-10,805,DESCENDING,139,-7.0512,-15.1080,43.3659
2020-02-13,805,ASCENDING,15,-5.2358,-15.0800,31.1174
2020-02-15,805,DESCENDING,37,-7.6998,-16.1640,34.7006
2020-02-18,805,ASCENDING,88,-7.1077,-16.6082,40.2494
2020-02-22,805,DESCENDING,139,-8.5150,-16.6540,43.3672
2020-02-25,805,ASCENDING,15,-5.5203,-15.2025,31.1193
2020-02-27,805,DESCENDING,37,-7.8916,-15.7199,34.7016
2020-03-01,805,ASCENDING,88,-7.2354,-15.3304,40.2505
2020-03-05,805,DESCENDING,139,-8.5771,-16.0330,43.3681
2020-03-08,805,ASCENDING,15,-6.4276,-16.5302,31.1204
2020-03-10,805,DESCENDING,37,-7.8245,-15.7364,34.7012
2020-03-13,805,ASCENDING,88,-8.2342,-16.9135,40.2510
2020-03-17,805,DESCENDING,139,-9.3870,-16.7320,43.3709
2020-03-20,805,ASCENDING,15,-7.5144,-16.3606,31.1213
2020-03-22,805,DESCENDING,37,-9.7042,-17.6585,34.7038
2020-03-25,805,ASCENDING,88,-10.3590,-17.8479,40.2524
2020-03-29,805,DESCENDING,139,-11.1410,-17.8421,43.3736
2020-04-01,805,ASCENDING,15,-10.2079,-18.2992,31.1231
2020-04-03,805,DESCENDING,37,-11.7171,-17.5289,34.7069
2020-04-06,805,ASCENDING,88,-11.7015,-17.8266,40.2550
2020-04-10,805,DESCENDING,139,-12.7835,-17.9038,43.3719
2020-04-13,805,ASCENDING,15,-12.9544,-18.2174,31.1277
2020-04-15,805,DESCENDING,37,-13.9728,-19.7824,34.7041
2020-04-18,805,ASCENDING,88,-13.7946,-18.0345,40.2505
2020-04-22,805,DESCENDING,139,-15.5337,-19.7198,43.3725
2020-04-25,805,ASCENDING,15,-16.1559,-19.8593,31.1283
2020-04-27,805,DESCENDING,37,-16.9647,-20.5970,34.7016
2020-04-30,805,ASCENDING,88,-14.5905,-17.6409,40.2570
2020-05-04,805,DESCENDING,139,-14.9051,-18.3997,43.3707
2020-05-07,805,ASCENDING,15,-15.3983,-18.5937,31.1290
2020-05-09,805,DESCENDING,37,-16.7948,-19.1572,34.7026
2020-05-12,805,ASCENDING,88,-19.0977,-21.9675,40.2508
2020-05-16,805,DESCENDING,139,-18.5924,-22.4098,43.3716
2020-05-19,805,ASCENDING,15,-18.5351,-21.7831,31.1263
2020-05-21,805,DESCENDING,37,-19.0636,-22.0952,34.7030
2020-05-24,805,ASCENDING,88,-17.7797,-22.9673,40.2514
2020-05-28,805,DESCENDING,139,-16.5926,-22.7881,43.3721
2020-05-31,805,ASCENDING,15,-17.5340,-21.5947,31.1271
2020-06-02,805,DESCENDING,37,-15.8982,-21.5260,34.7047
2020-06-05,805,ASCENDING,88,-14.0938,-20.4723,40.2521
2020-06-09,805,DESCENDING,139,-14.4076,-19.6578,43.3714
2020-06-12,805,ASCENDING,15,-15.0883,-19.4065,31.1279
2020-06-14,805,DESCENDING,37,-13.3996,-18.5361,34.7042
2020-06-17,805,ASCENDING,88,-13.5468,-18.8422,40.2504
2020-06-21,805,DESCENDING,139,-12.8418,-18.4679,43.3715
2020-06-24,805,ASCENDING,15,-13.8274,-18.7238,31.1277
2020-06-26,805,DESCENDING,37,-13.0954,-18.5825,34.7047
2020-06-29,805,ASCENDING,88,-12.3922,-17.4065,40.2500
2020-07-03,805,DESCENDING,139,-11.5704,-17.5466,43.3728
2020-07-06,805,ASCENDING,15,-12.2145,-16.7805,31.1269
2020-07-08,805,DESCENDING,37,-12.7745,-16.9131,34.7054
2020-07-11,805,ASCENDING,88,-11.7019,-16.4880,40.2498
2020-07-15,805,DESCENDING,139,-9.6537,-15.2171,43.3748
2020-07-18,805,ASCENDING,15,-10.5197,-17.4083,31.1283
2020-07-20,805,DESCENDING,37,-11.6053,-18.4059,34.7039
2020-07-23,805,ASCENDING,88,-12.6550,-20.2848,40.2519
2020-07-27,805,DESCENDING,139,-10.1064,-17.2170,43.3720
2020-07-30,805,ASCENDING,15,-13.3451,-23.0284,31.1274
2020-08-01,805,DESCENDING,37,-15.0929,-23.6577,34.7045
2020-08-04,805,ASCENDING,88,-15.4750,-24.9045,40.2506
2020-08-08,805,DESCENDING,139,-16.1558,-25.1837,43.3725
2020-08-11,805,ASCENDING,15,-13.5269,-22.4014,31.1266
2020-08-13,805,DESCENDING,37,-7.9257,-17.0335,34.7055
2020-08-16,805,ASCENDING,88,-10.2760,-20.0949,40.2497
2020-08-20,805,DESCENDING,139,-10.1538,-20.3508,43.3723
2020-08-23,805,ASCENDING,15,-10.1685,-20.4664,31.1278
2020-08-25,805,DESCENDING,37,-11.1704,-21.0866,34.7050
2020-08-28,805,ASCENDING,88,-13.9862,-23.4085,40.2509
2020-09-01,805,DESCENDING,139,-13.2182,-22.6539,43.3732
2020-09-04,805,ASCENDING,15,-11.3477,-20.7765,31.1291
2020-09-06,805,DESCENDING,37,-13.1558,-22.2147,34.7016
2020-09-09,805,ASCENDING,88,-13.2061,-23.2754,40.2509
2020-09-13,805,DESCENDING,139,-13.5859,-24.0413,43.3692
2020-09-16,805,ASCENDING,15,-12.7962,-22.7730,31.1261
2020-09-18,805,DESCENDING,37,-13.3451,-23.7255,34.7001
2020-09-21,805,ASCENDING,88,-13.3618,-23.5131,40.2561
2020-09-25,805,DESCENDING,139,-10.9847,-18.8435,43.3681
2020-09-28,805,ASCENDING,15,-8.0917,-16.9118,31.1242
2020-09-30,805,DESCENDING,37,-7.9842,-15.8290,34.6992
2020-10-03,805,ASCENDING,88,-8.6410,-15.4540,40.2540
2020-10-07,805,DESCENDING,139,-8.1121,-15.2332,43.3667
2020-10-10,805,ASCENDING,15,-7.5937,-15.8622,31.1219
2020-10-12,805,DESCENDING,37,-7.3256,-14.3922,34.7008
2020-10-15,805,ASCENDING,88,-8.3618,-16.1751,40.2513
2020-10-19,805,DESCENDING,139,-8.0506,-15.2136,43.3659
2020-10-22,805,ASCENDING,15,-7.5298,-13.9742,31.1194
2020-10-24,805,DESCENDING,37,-6.9273,-14.2636,34.6998
2020-10-27,805,ASCENDING,88,-8.4486,-15.1074,40.2496
2020-10-31,805,DESCENDING,139,-7.1610,-15.0188,43.3654
2020-11-03,805,ASCENDING,15,-7.3610,-15.4202,31.1180
2020-11-05,805,DESCENDING,37,-9.3441,-17.2681,34.6992
2020-11-08,805,ASCENDING,88,-7.8282,-14.8231,40.2484
2020-11-12,805,DESCENDING,139,-7.3908,-14.5270,43.3651
2020-11-15,805,ASCENDING,15,-7.9548,-15.0182,31.1168
2020-11-17,805,DESCENDING,37,-8.5196,-15.2645,34.6986
2020-11-20,805,ASCENDING,88,-9.1950,-16.1402,40.2482
2020-11-24,805,DESCENDING,139,-9.7026,-16.4505,43.3638
2020-11-27,805,ASCENDING,15,-8.1497,-15.5205,31.1165
2020-11-29,805,DESCENDING,37,-7.9558,-16.1412,34.6981
2020-12-02,805,ASCENDING,88,-8.1426,-15.1386,40.2477
2020-12-06,805,DESCENDING,139,-8.5153,-15.7345,43.3635
2020-12-09,805,ASCENDING,15,-9.3581,-16.5830,31.1165
2020-12-11,805,DESCENDING,37,-9.1367,-16.0370,34.6975
2020-12-14,805,ASCENDING,88,-8.1103,-15.2034,40.2471
2020-12-18,805,DESCENDING,139,-7.8606,-14.8417,43.3627
2020-12-21,805,ASCENDING,15,-7.6091,-14.6101,31.1160
2020-12-23,805,DESCENDING,37,-7.1130,-13.8559,34.6963
2020-12-26,805,ASCENDING,88,-8.6085,-15.3315,40.2468
2020-12-30,805,DESCENDING,139,-10.2946,-16.0183,43.3631
2021-01-02,805,ASCENDING,15,-7.9863,-15.2278,31.1153
2021-01-04,805,DESCENDING,37,-7.6095,-15.2641,34.6971
2021-01-07,805,ASCENDING,88,-8.1686,-15.2053,40.2468
2021-01-11,805,DESCENDING,139,-11.1578,-18.0337,43.3633
2021-01-14,805,ASCENDING,15,-8.1711,-15.2342,31.1163
2021-01-16,805,DESCENDING,37,-9.4816,-16.2154,34.6974
2021-01-19,805,ASCENDING,88,-7.7630,-14.4556,40.2480
2021-01-23,805,DESCENDING,139,-8.7615,-15.5175,43.3625
2021-01-26,805,ASCENDING,15,-8.2804,-14.6736,31.1168
2021-01-28,805,DESCENDING,37,-6.7942,-13.3301,34.6975
2021-01-31,805,ASCENDING,88,-8.5132,-14.7965,40.2476
2021-02-04,805,DESCENDING,139,-7.9676,-14.3607,43.3634
2021-02-07,805,ASCENDING,15,-8.0458,-14.3309,31.1170
2021-02-09,805,DESCENDING,37,-11.5388,-20.4078,34.6984
2021-02-12,805,ASCENDING,88,-13.0764,-22.4672,40.2483
2021-02-16,805,DESCENDING,139,-10.1044,-17.7661,43.3654
2021-02-19,805,ASCENDING,15,-9.1013,-17.1492,31.1173
2021-02-21,805,DESCENDING,37,-9.6138,-18.5904,34.7007
2021-02-24,805,ASCENDING,88,-9.6733,-18.9663,40.2489
2021-02-28,805,DESCENDING,139,-10.8608,-19.8379,43.3684
2021-03-03,805,ASCENDING,15,-8.9012,-19.5995,31.1184
2021-03-05,805,DESCENDING,37,-8.4270,-16.5791,34.7030
2021-03-08,805,ASCENDING,88,-9.8605,-19.5942,40.3475
2021-03-12,805,DESCENDING,139,-10.3884,-19.2192,43.3700
2021-03-15,805,ASCENDING,15,-7.5941,-16.5478,31.1201
2021-03-17,805,DESCENDING,37,-7.7683,-15.8291,34.7036
2021-03-20,805,ASCENDING,88,-9.1063,-18.8407,40.3492
2021-03-24,805,DESCENDING,139,-10.7941,-19.8445,43.3725
2021-03-27,805,ASCENDING,15,-8.4104,-19.1516,31.1324
2021-03-29,805,DESCENDING,37,-10.0155,-20.2161,34.7062
2021-04-01,805,ASCENDING,88,-11.0788,-20.7838,40.3508
2021-04-05,805,DESCENDING,139,-12.3631,-21.7840,43.3747
2021-04-08,805,ASCENDING,15,-8.6402,-19.4672,31.1376
2021-04-10,805,DESCENDING,37,-8.9586,-16.7008,34.7048
2021-04-13,805,ASCENDING,88,-9.2079,-19.0978,40.3550
2021-04-17,805,DESCENDING,139,-11.1735,-20.4700,43.3728
2021-04-20,805,ASCENDING,15,-9.1380,-20.7800,31.1372
2021-04-22,805,DESCENDING,37,-11.4077,-21.4753,34.7049
2021-04-25,805,ASCENDING,88,-13.6732,-23.8446,40.3553
2021-04-29,805,DESCENDING,139,-14.0252,-24.7794,43.3727
2021-05-02,805,ASCENDING,15,-12.9021,-23.7174,31.1372
2021-05-04,805,DESCENDING,37,-11.8281,-22.4574,34.7055
2021-05-07,805,ASCENDING,88,-14.0789,-25.0290,40.3562
2021-05-11,805,DESCENDING,139,-10.4870,-20.1554,43.3719
2021-05-14,805,ASCENDING,15,-9.8429,-19.9785,31.1367
2021-05-16,805,DESCENDING,37,-9.5932,-19.3427,34.7052
2021-05-19,805,ASCENDING,88,-13.4573,-23.7179,40.3541
2021-05-23,805,DESCENDING,139,-10.6499,-20.0367,43.3711
2021-05-26,805,ASCENDING,15,-8.3403,-18.2731,31.1383
2021-05-28,805,DESCENDING,37,-9.1532,-19.2110,34.7032
2021-05-31,805,ASCENDING,88,-13.3625,-22.5275,40.3550
2021-06-04,805,DESCENDING,139,-9.2149,-16.5158,43.3705
2021-06-07,805,ASCENDING,15,-11.0872,-19.2627,31.1372
2021-06-09,805,DESCENDING,37,-10.9069,-18.1624,34.7025
2021-06-12,805,ASCENDING,88,-9.9842,-17.0958,40.3535
2021-06-16,805,DESCENDING,139,-9.3585,-15.2091,43.3724
2021-06-19,805,ASCENDING,15,-10.5185,-16.4049,31.1349
2021-06-21,805,DESCENDING,37,-5.5827,-11.7089,34.7054
2021-06-24,805,ASCENDING,88,-5.5486,-12.2134,40.3562
2021-06-28,805,DESCENDING,139,-4.4526,-11.1089,43.3712
2021-07-01,805,ASCENDING,15,-5.0782,-12.0374,31.1376
2021-07-03,805,DESCENDING,37,-5.9579,-12.3952,34.7040
2021-07-06,805,ASCENDING,88,-6.0454,-13.1530,40.3548
2021-07-10,805,DESCENDING,139,-5.4855,-11.9263,43.3725
2021-07-13,805,ASCENDING,15,-6.0474,-12.4544,31.1359
2021-07-15,805,DESCENDING,37,-4.4193,-11.1762,34.7061
2021-07-18,805,ASCENDING,88,-6.0959,-13.0778,40.3537
2021-07-22,805,DESCENDING,139,-5.6406,-12.2012,43.3718
2021-07-25,805,ASCENDING,15,-7.3580,-13.5486,31.1382
2021-07-27,805,DESCENDING,37,-5.7936,-12.2358,34.7033
2021-07-30,805,ASCENDING,88,-7.0141,-13.3579,40.3566
2021-08-03,805,DESCENDING,139,-5.6385,-12.1136,43.3712
2021-08-06,805,ASCENDING,15,-7.4088,-13.9217,31.1376
2021-08-08,805,DESCENDING,37,-7.2981,-13.7032,34.7040
2021-08-11,805,ASCENDING,88,-7.3262,-13.5467,40.3546
2021-08-15,805,DESCENDING,139,-6.2660,-12.5772,43.3714
2021-08-18,805,ASCENDING,15,-6.9211,-13.7087,31.1369
2021-08-20,805,DESCENDING,37,-6.7014,-13.0958,34.7034
2021-08-23,805,ASCENDING,88,-7.2055,-13.4231,40.3549
2021-08-27,805,DESCENDING,139,-6.4499,-12.8922,43.3713
2021-08-30,805,ASCENDING,15,-6.2086,-13.1062,31.1362
2021-09-01,805,DESCENDING,37,-6.2301,-13.1376,34.7037
2021-09-04,805,ASCENDING,88,-7.4855,-13.2970,40.3535
2021-09-08,805,DESCENDING,139,-5.5182,-12.3900,43.3717
2021-09-11,805,ASCENDING,15,-6.4194,-13.2623,31.1379
2021-09-13,805,DESCENDING,37,-5.3287,-12.1109,34.7015
2021-09-16,805,ASCENDING,88,-6.7180,-13.6401,40.3544
2021-09-20,805,DESCENDING,139,-5.9544,-13.1078,43.3689
2021-09-23,805,ASCENDING,15,-6.5192,-14.1086,31.1358
2021-09-25,805,DESCENDING,37,-6.5979,-12.6654,34.6989
2021-09-28,805,ASCENDING,88,-6.7984,-13.4876,40.3524
2021-10-02,805,DESCENDING,139,-6.7372,-13.2838,43.3670
2021-10-05,805,ASCENDING,15,-6.7373,-13.6084,31.1325
2021-10-07,805,DESCENDING,37,-6.6099,-12.9250,34.7011
2021-10-10,805,ASCENDING,88,-7.4199,-14.2330,40.3504
2021-10-14,805,DESCENDING,139,-7.4861,-13.5190,43.3661
2021-10-17,805,ASCENDING,15,-7.5516,-13.4088,31.1306
2021-10-19,805,DESCENDING,37,-6.0190,-12.8922,34.7007
2021-10-22,805,ASCENDING,88,-6.8276,-13.0719,40.3487
2021-10-26,805,DESCENDING,139,-7.0764,-13.2964,43.3656
2021-10-29,805,ASCENDING,15,-7.3434,-13.7949,31.1288
2021-10-31,805,DESCENDING,37,-6.8621,-13.2346,34.6998
2021-11-03,805,ASCENDING,88,-6.4558,-13.1747,40.3468
2021-11-07,805,DESCENDING,139,-7.6704,-13.6652,43.3656
2021-11-10,805,ASCENDING,15,-7.6394,-15.0489,31.1283
2021-11-12,805,DESCENDING,37,-8.1079,-16.2819,34.6986
2021-11-15,805,ASCENDING,88,-7.5469,-14.4226,40.3453
2021-11-19,805,DESCENDING,139,-7.3608,-14.6693,43.3645
2021-11-22,805,ASCENDING,15,-6.3310,-14.0739,31.1262
2021-11-24,805,DESCENDING,37,-6.2975,-14.3581,34.6984
2021-11-27,805,ASCENDING,88,-7.1711,-16.2664,40.3450
2021-12-01,805,DESCENDING,139,-5.7941,-14.2367,43.3639
2021-12-04,805,ASCENDING,15,-4.1100,-13.2670,31.1259
2021-12-06,805,DESCENDING,37,-4.8263,-13.6099,34.6978
2021-12-09,805,ASCENDING,88,-5.4504,-13.8574,40.3445
2021-12-13,805,DESCENDING,139,-5.4875,-13.8299,43.3630
2021-12-16,805,ASCENDING,15,-4.2045,-13.8046,31.1256
2021-12-18,805,DESCENDING,37,-5.1403,-13.9036,34.6976
2021-12-21,805,ASCENDING,88,-9.1081,-18.4521,40.3447
2021-12-28,805,ASCENDING,15,-3.9523,-12.7284,31.1265
2021-12-30,805,DESCENDING,37,-4.2387,-12.8892,34.6972
2022-01-02,805,ASCENDING,88,-5.0807,-13.4183,40.3447
2022-01-06,805,DESCENDING,139,-5.2662,-13.4227,43.3630
2022-01-09,805,ASCENDING,15,-3.6413,-12.3829,31.1257
2022-01-11,805,DESCENDING,37,-9.3267,-19.2837,34.6969
2022-01-14,805,ASCENDING,88,-4.7914,-13.1076,40.3451
2022-01-18,805,DESCENDING,139,-5.2649,-14.0493,43.3644
2022-01-21,805,ASCENDING,15,-3.7653,-12.8884,31.1259
2022-01-23,805,DESCENDING,37,-4.3278,-13.2643,34.6965
2022-01-26,805,ASCENDING,88,-5.3581,-13.8560,40.3453
2022-01-30,805,DESCENDING,139,-5.9850,-14.9218,43.3637
2022-02-02,805,ASCENDING,15,-3.1546,-12.5452,31.1273
2022-02-04,805,DESCENDING,37,-4.1732,-13.2016,34.6989
2022-02-07,805,ASCENDING,88,-3.8623,-13.3249,40.3460
2022-02-11,805,DESCENDING,139,-4.8635,-13.4256,43.3660
2022-02-14,805,ASCENDING,15,-2.7899,-13.1429,31.1288
2022-02-16,805,DESCENDING,37,-4.1077,-12.6733,34.7024
2022-02-19,805,ASCENDING,88,-5.1986,-15.0920,40.3475
2022-02-23,805,DESCENDING,139,-5.2955,-13.5432,43.3662
2022-02-26,805,ASCENDING,15,-2.2961,-12.5164,31.1300
2022-02-28,805,DESCENDING,37,-8.7069,-19.5296,34.7025
2022-03-03,805,ASCENDING,88,-8.1392,-19.1563,40.3473
2022-03-07,805,DESCENDING,139,-11.6408,-22.1459,43.3693
2022-03-10,805,ASCENDING,15,-9.7631,-21.6541,31.1299
2022-03-12,805,DESCENDING,37,-11.2152,-22.0230,34.7017
2022-03-15,805,ASCENDING,88,-7.6765,-18.9071,40.3497
2022-03-19,805,DESCENDING,139,-11.9519,-22.4722,43.3703
2022-03-22,805,ASCENDING,15,-10.0144,-22.0381,31.1310
2022-03-24,805,DESCENDING,37,-10.8971,-22.2205,34.7040
2022-03-27,805,ASCENDING,88,-10.6092,-21.9676,40.3507
2022-03-31,805,DESCENDING,139,-6.9863,-16.2199,43.3720
2022-04-03,805,ASCENDING,15,-3.8626,-14.7316,31.1344
2022-04-05,805,DESCENDING,37,-4.5420,-13.0900,34.7072
2022-04-08,805,ASCENDING,88,-4.0144,-13.8265,40.3534
2022-04-12,805,DESCENDING,139,-11.7761,-21.6552,43.3745
2022-04-15,805,ASCENDING,15,-10.1110,-21.9658,31.1376
2022-04-17,805,DESCENDING,37,-11.2827,-22.7196,34.7044
2022-04-20,805,ASCENDING,88,-11.2333,-22.4638,40.3555
2022-04-24,805,DESCENDING,139,-11.9094,-22.4660,43.3719
2022-04-27,805,ASCENDING,15,-12.4530,-22.3374,31.1379
2022-04-29,805,DESCENDING,37,-12.0961,-22.8426,34.7040
2022-05-02,805,ASCENDING,88,-14.0186,-23.0861,40.3565
2022-05-06,805,DESCENDING,139,-14.0334,-24.0255,43.3699
2022-05-09,805,ASCENDING,15,-13.5980,-22.9609,31.1370
2022-05-11,805,DESCENDING,37,-13.6550,-23.3368,34.7030
2022-05-14,805,ASCENDING,88,-13.5891,-23.9060,40.3566
2022-05-18,805,DESCENDING,139,-14.0372,-23.5549,43.3715
2022-05-21,805,ASCENDING,15,-13.9083,-23.4022,31.1382
2022-05-23,805,DESCENDING,37,-14.2857,-23.0286,34.7049
2022-05-26,805,ASCENDING,88,-13.5495,-22.7215,40.3553
2022-05-30,805,DESCENDING,139,-9.3282,-16.7049,43.3703
2022-06-02,805,ASCENDING,15,-12.0948,-20.0967,31.1360
2022-06-04,805,DESCENDING,37,-11.1085,-19.6525,34.7039
2022-06-07,805,ASCENDING,88,-8.6616,-15.2376,40.3534
2022-06-11,805,DESCENDING,139,-7.6434,-15.0138,43.3703
2022-06-14,805,ASCENDING,15,-9.4852,-15.9701,31.1379
2022-06-16,805,DESCENDING,37,-8.6733,-15.8437,34.7024
2022-06-19,805,ASCENDING,88,-9.4556,-15.6523,40.3551
2022-06-23,805,DESCENDING,139,-7.8636,-14.6090,43.3712
2022-06-26,805,ASCENDING,15,-7.4216,-14.5497,31.1368
2022-06-28,805,DESCENDING,37,-6.0134,-13.7614,34.7049
2022-07-01,805,ASCENDING,88,-7.8637,-14.1716,40.3539
2022-07-05,805,DESCENDING,139,-7.2990,-14.5177,43.3739
2022-07-08,805,ASCENDING,15,-7.0996,-14.2966,31.1382
2022-07-13,805,ASCENDING,88,-6.8465,-14.0466,40.3561
2022-07-17,805,DESCENDING,139,-6.9255,-14.2012,43.3709
2022-07-20,805,ASCENDING,15,-8.0441,-14.3443,31.1379
2022-07-22,805,DESCENDING,37,-6.2397,-14.4507,34.7039
2022-07-25,805,ASCENDING,88,-7.3586,-14.2036,40.3553
2022-07-29,805,DESCENDING,139,-6.9834,-14.4197,43.3709
2022-08-01,805,ASCENDING,15,-6.4180,-14.2820,31.1378
2022-08-03,805,DESCENDING,37,-6.4581,-13.8356,34.7046
2022-08-06,805,ASCENDING,88,-7.4684,-13.8575,40.3549
2022-08-10,805,DESCENDING,139,-7.1646,-14.4211,43.3730
2022-08-13,805,ASCENDING,15,-7.4038,-13.5961,31.1374
2022-08-15,805,DESCENDING,37,-6.8300,-14.1364,34.7036
2022-08-18,805,ASCENDING,88,-7.3928,-13.9729,40.3569
2022-08-22,805,DESCENDING,139,-6.7984,-13.9874,43.3712
2022-08-25,805,ASCENDING,15,-7.3564,-14.1495,31.1383
2022-08-27,805,DESCENDING,37,-6.7884,-14.2053,34.7035
2022-08-30,805,ASCENDING,88,-7.4874,-14.2662,40.3556
2022-09-03,805,DESCENDING,139,-7.4569,-14.8598,43.3720
2022-09-06,805,ASCENDING,15,-7.1719,-14.1740,31.1375
2022-09-08,805,DESCENDING,37,-5.9550,-12.6106,34.7019
2022-09-11,805,ASCENDING,88,-7.0801,-14.3225,40.3558
2022-09-15,805,DESCENDING,139,-7.5158,-13.9826,43.3693
2022-09-18,805,ASCENDING,15,-6.7802,-13.6699,31.1371
2022-09-20,805,DESCENDING,37,-7.4515,-14.3584,34.7018
2022-09-23,805,ASCENDING,88,-10.1625,-16.2661,40.3520
2022-09-27,805,DESCENDING,139,-9.1027,-15.6388,43.3670
2022-09-30,805,ASCENDING,15,-9.4084,-17.4671,31.1341
2022-10-02,805,DESCENDING,37,-8.1118,-15.5769,34.6995
2022-10-05,805,ASCENDING,88,-12.5332,-22.1501,40.3517
2022-10-09,805,DESCENDING,139,-11.9747,-22.2150,43.3669
2022-10-12,805,ASCENDING,15,-12.3450,-22.7743,31.1327
2022-10-14,805,DESCENDING,37,-10.2334,-19.5330,34.7023
2022-10-17,805,ASCENDING,88,-8.3026,-16.2018,40.3505
2022-10-21,805,DESCENDING,139,-9.3569,-16.0155,43.3650
2022-10-24,805,ASCENDING,15,-9.9426,-20.1555,31.1295
2022-10-26,805,DESCENDING,37,-9.1402,-17.0881,34.6998
2022-10-29,805,ASCENDING,88,-11.3291,-19.9029,40.3486
2022-11-02,805,DESCENDING,139,-12.7773,-21.0253,43.3656
2022-11-05,805,ASCENDING,15,-9.7152,-18.9719,31.1281
2022-11-07,805,DESCENDING,37,-9.4203,-17.3533,34.6997
2022-11-10,805,ASCENDING,88,-10.5498,-18.1525,40.3457
2022-11-14,805,DESCENDING,139,-11.6400,-18.7215,43.3643
2022-11-17,805,ASCENDING,15,-8.0387,-16.0341,31.1307
2022-11-19,805,DESCENDING,37,-7.8584,-15.0889,34.6980
2022-11-22,805,ASCENDING,88,-8.5478,-15.7123,40.3450
2022-11-26,805,DESCENDING,139,-9.2978,-15.3599,43.3641
2022-11-29,805,ASCENDING,15,-7.5885,-15.1944,31.1330
2022-12-01,805,DESCENDING,37,-8.2966,-15.2675,34.6973
2022-12-04,805,ASCENDING,88,-8.5772,-15.7167,40.3447
2022-12-08,805,DESCENDING,139,-9.0776,-14.8253,43.3631
2022-12-11,805,ASCENDING,15,-8.9055,-17.3337,31.1315
2022-12-13,805,DESCENDING,37,-12.4191,-22.0366,34.6985
2022-12-16,805,ASCENDING,88,-12.2016,-20.5946,40.3446
2022-12-20,805,DESCENDING,139,-9.2682,-15.8580,43.3636
2022-12-23,805,ASCENDING,15,-7.2214,-14.2694,31.1250
2022-12-25,805,DESCENDING,37,-8.2044,-14.9023,34.6972
2022-12-28,805,ASCENDING,88,-8.7367,-15.3595,40.3446
2023-01-01,805,DESCENDING,139,-8.9202,-15.5149,43.3623
2023-01-04,805,ASCENDING,15,-7.7219,-14.4576,31.1265
2023-01-06,805,DESCENDING,37,-8.5171,-14.9228,34.6976
2023-01-09,805,ASCENDING,88,-9.4845,-15.8609,40.3454
2023-01-13,805,DESCENDING,139,-9.1115,-15.3590,43.3621
2023-01-16,805,ASCENDING,15,-8.1599,-15.4243,31.1274
2023-01-18,805,DESCENDING,37,-10.6114,-19.7765,34.7002
2023-01-21,805,ASCENDING,88,-10.2609,-17.8959,40.3444
2023-01-25,805,DESCENDING,139,-9.6103,-16.6677,43.3648
2023-01-28,805,ASCENDING,15,-9.2860,-16.7640,31.1274
2023-01-30,805,DESCENDING,37,-8.7041,-15.3594,34.6975
2023-02-02,805,ASCENDING,88,-9.3597,-15.2352,40.3462
2023-02-06,805,DESCENDING,139,-10.5993,-17.2767,43.3662
2023-02-09,805,ASCENDING,15,-9.2887,-17.2972,31.1252
2023-02-11,805,DESCENDING,37,-9.4819,-16.8258,34.6998
2023-02-14,805,ASCENDING,88,-10.6094,-17.0901,40.3474
2023-02-18,805,DESCENDING,139,-10.8257,-16.8477,43.3664
2023-02-21,805,ASCENDING,15,-10.2049,-17.2780,31.1351
2023-02-23,805,DESCENDING,37,-9.1673,-14.9608,34.7001
2023-02-26,805,ASCENDING,88,-11.4202,-17.6063,40.3472
2023-03-02,805,DESCENDING,139,-13.0778,-21.2148,43.3672
2023-03-05,805,ASCENDING,15,-11.2988,-17.4752,31.1357
2023-03-07,805,DESCENDING,37,-10.4856,-16.3416,34.7038
2023-03-10,805,ASCENDING,88,-9.6532,-15.0503,40.3471
2023-03-14,805,DESCENDING,139,-11.0137,-16.0470,43.3723
2023-03-17,805,ASCENDING,15,-9.7701,-16.5368,31.1348
2023-03-19,805,DESCENDING,37,-11.0432,-16.7855,34.7029
2023-03-22,805,ASCENDING,88,-11.9667,-16.6069,40.3503
2023-03-26,805,DESCENDING,139,-12.7841,-16.4562,43.3728
2023-03-29,805,ASCENDING,15,-11.1732,-16.6069,31.1384
2023-03-31,805,DESCENDING,37,-11.9784,-15.8483,34.7038
2023-04-03,805,ASCENDING,88,-13.9005,-17.6521,40.3520
2023-04-07,805,DESCENDING,139,-13.9697,-17.3486,43.3725
2023-04-10,805,ASCENDING,15,-13.6380,-17.8459,31.1385
2023-04-12,805,DESCENDING,37,-13.5904,-17.4128,34.7080
2023-04-15,805,ASCENDING,88,-16.8479,-19.3448,40.3534
2023-04-19,805,DESCENDING,139,-16.7236,-18.9754,43.3782
2023-04-22,805,ASCENDING,15,-15.7799,-19.8460,31.1368
2023-04-24,805,DESCENDING,37,-16.5470,-19.7206,34.7046
2023-04-27,805,ASCENDING,88,-18.0922,-21.3465,40.3562
2023-05-01,805,DESCENDING,139,-17.4121,-21.9112,43.3716
2023-05-04,805,ASCENDING,15,-18.2761,-21.1423,31.1410
2023-05-06,805,DESCENDING,37,-16.8409,-21.8379,34.7032
2023-05-09,805,ASCENDING,88,-16.5325,-22.4143,40.2795
2023-05-13,805,DESCENDING,139,-13.9042,-20.5923,43.3701
2023-05-16,805,ASCENDING,15,-16.2188,-22.0926,31.1427
2023-05-18,805,DESCENDING,37,-16.2164,-21.8453,34.7030
2023-05-21,805,ASCENDING,88,-16.5955,-23.2769,40.3548
2023-05-25,805,DESCENDING,139,-15.7198,-22.4674,43.3708
2023-05-28,805,ASCENDING,15,-16.7892,-22.4038,31.1366
2023-05-30,805,DESCENDING,37,-16.9069,-23.0903,34.7046
2023-06-02,805,ASCENDING,88,-15.8420,-22.8486,40.3562
2023-06-06,805,DESCENDING,139,-14.9775,-22.4080,43.3723
2023-06-09,805,ASCENDING,15,-14.6459,-20.6590,31.1355
2023-06-11,805,DESCENDING,37,-13.0357,-19.4684,34.7039
2023-06-14,805,ASCENDING,88,-13.0489,-19.2162,40.3537
2023-06-18,805,DESCENDING,139,-11.6550,-18.4554,43.3725
2023-06-21,805,ASCENDING,15,-12.4224,-18.1593,31.1370
2023-06-23,805,DESCENDING,37,-11.4089,-16.9075,34.7047
2023-06-26,805,ASCENDING,88,-10.4117,-16.8443,40.3554
2023-06-30,805,DESCENDING,139,-10.2109,-15.7726,43.3709
2023-07-03,805,ASCENDING,15,-10.7339,-16.5110,31.1378
2023-07-05,805,DESCENDING,37,-10.6703,-16.2775,34.7043
2023-07-08,805,ASCENDING,88,-12.4810,-18.5361,40.3553
2023-07-12,805,DESCENDING,139,-11.2149,-18.8428,43.3727
2023-07-15,805,ASCENDING,15,-11.9547,-18.8471,31.1376
2023-07-17,805,DESCENDING,37,-12.8473,-19.6005,34.7050
2023-07-20,805,ASCENDING,88,-13.7208,-20.7864,40.3545
2023-07-24,805,DESCENDING,139,-12.2194,-18.1548,43.3721
2023-07-27,805,ASCENDING,15,-8.7986,-14.9211,31.1367
2023-07-29,805,DESCENDING,37,-9.7940,-15.3908,34.7058
2023-08-01,805,ASCENDING,88,-11.7366,-18.2796,40.3555
2023-08-05,805,DESCENDING,139,-11.2625,-16.3255,43.3723
2023-08-08,805,ASCENDING,15,-9.8921,-17.8387,31.1369
2023-08-10,805,DESCENDING,37,-11.5333,-18.8422,34.7013
2023-08-13,805,ASCENDING,88,-11.1419,-18.0902,40.3540
2023-08-17,805,DESCENDING,139,-9.7319,-15.4852,43.3700
2023-08-20,805,ASCENDING,15,-9.4851,-15.7859,31.1457
2023-08-22,805,DESCENDING,37,-12.3360,-19.1532,34.7034
2023-08-25,805,ASCENDING,88,-9.7050,-15.2060,40.3530
2023-08-29,805,DESCENDING,139,-13.1536,-19.6021,43.3725
2023-09-01,805,ASCENDING,15,-9.8913,-15.1623,31.1355
2023-09-03,805,DESCENDING,37,-11.5895,-18.4069,34.7029
2023-09-06,805,ASCENDING,88,-10.8911,-20.1525,40.3534
2023-09-10,805,DESCENDING,139,-11.3437,-20.7813,43.3703
2023-09-13,805,ASCENDING,15,-6.4027,-15.1586,31.1444
2023-09-15,805,DESCENDING,37,-7.0468,-15.8490,34.6999
2023-09-18,805,ASCENDING,88,-10.9069,-20.1005,40.3554
2023-09-22,805,DESCENDING,139,-7.6398,-14.7334,43.3678
2023-09-25,805,ASCENDING,15,-10.4093,-19.7835,31.1409
2023-09-27,805,DESCENDING,37,-8.9170,-18.3485,34.7016
2023-09-30,805,ASCENDING,88,-10.8561,-18.9513,40.3522
2023-10-04,805,DESCENDING,139,-8.2352,-15.3607,43.3685
2023-10-07,805,ASCENDING,15,-9.9715,-17.5964,31.1378
2023-10-09,805,DESCENDING,37,-8.7012,-16.4486,34.6998
2023-10-12,805,ASCENDING,88,-8.6349,-15.0965,40.3480
2023-10-16,805,DESCENDING,139,-7.3912,-14.8326,43.3663
2023-10-19,805,ASCENDING,15,-6.7158,-13.6529,31.1362
2023-10-21,805,DESCENDING,37,-6.3254,-13.3619,34.7009
2023-10-24,805,ASCENDING,88,-7.4561,-14.2634,40.3501
2023-10-28,805,DESCENDING,139,-7.4246,-13.8004,43.3660
2023-10-31,805,ASCENDING,15,-6.8461,-14.3412,31.1362
2023-11-02,805,DESCENDING,37,-6.8642,-13.0760,34.6984
2023-11-05,805,ASCENDING,88,-8.1710,-14.3982,40.3470
2023-11-09,805,DESCENDING,139,-7.6076,-13.7623,43.3631
2023-11-12,805,ASCENDING,15,-7.6032,-14.3599,31.1319
2023-11-14,805,DESCENDING,37,-7.9829,-14.7381,34.6988
2023-11-17,805,ASCENDING,88,-7.8323,-14.7664,40.3469
2023-11-21,805,DESCENDING,139,-7.6384,-14.3283,43.3645
2023-11-24,805,ASCENDING,15,-8.2009,-14.1398,31.1351
2023-11-26,805,DESCENDING,37,-7.8289,-14.1350,34.6986
2023-11-29,805,ASCENDING,88,-8.6079,-14.4222,40.3468
2023-12-03,805,DESCENDING,139,-10.3611,-15.8322,43.3639
2023-12-06,805,ASCENDING,15,-7.9856,-14.2040,31.1323
2023-12-08,805,DESCENDING,37,-7.4198,-13.4847,34.6976
2023-12-11,805,ASCENDING,88,-7.7622,-13.2050,40.3447
2023-12-15,805,DESCENDING,139,-7.5772,-13.9227,43.3643
2023-12-18,805,ASCENDING,15,-7.9810,-13.8937,31.1373
2023-12-20,805,DESCENDING,37,-7.6733,-13.9236,34.6995
2023-12-23,805,ASCENDING,88,-7.4537,-12.5155,40.3449
2023-12-27,805,DESCENDING,139,-7.4185,-13.7965,43.3647
2023-12-30,805,ASCENDING,15,-7.3594,-13.3877,31.1322
2024-01-01,805,DESCENDING,37,-7.7036,-13.8547,34.7033
2024-01-04,805,ASCENDING,88,-7.8560,-13.3603,40.3484
2024-01-08,805,DESCENDING,139,-10.0463,-15.7046,43.3669
2024-01-11,805,ASCENDING,15,-12.0134,-20.8388,31.1333
2024-01-13,805,DESCENDING,37,-9.6676,-17.7833,34.6992
2024-01-16,805,ASCENDING,88,-11.5133,-19.9823,40.3502
2024-01-20,805,DESCENDING,139,-11.7344,-19.8518,43.3636
2024-01-23,805,ASCENDING,15,-7.7935,-16.9666,31.1342
2024-01-25,805,DESCENDING,37,-8.3859,-18.1578,34.7005
2024-01-28,805,ASCENDING,88,-8.8912,-17.5947,40.3469
2024-02-01,805,DESCENDING,139,-8.6693,-16.4855,43.3673
2024-02-04,805,ASCENDING,15,-6.6404,-15.6106,31.1341
2024-02-06,805,DESCENDING,37,-8.3617,-18.5804,34.7040
2024-02-09,805,ASCENDING,88,-8.1107,-16.1776,40.3492
2024-02-13,805,DESCENDING,139,-8.8499,-16.7038,43.3699
2024-02-16,805,ASCENDING,15,-7.2625,-15.7648,31.1353
2024-02-18,805,DESCENDING,37,-8.0119,-17.7163,34.7016
2024-02-21,805,ASCENDING,88,-8.7972,-17.6438,40.3493
2024-02-25,805,DESCENDING,139,-9.1568,-17.9059,43.3706
2024-02-28,805,ASCENDING,15,-7.2354,-17.5282,31.1306
2024-03-01,805,DESCENDING,37,-7.3281,-17.9682,34.7032
2024-03-04,805,ASCENDING,88,-9.3918,-19.0983,40.3516
2024-03-08,805,DESCENDING,139,-9.7995,-19.3519,43.3738
2024-03-11,805,ASCENDING,15,-6.9848,-15.5270,31.1334
2024-03-13,805,DESCENDING,37,-6.8567,-15.1618,34.7056
2024-03-16,805,ASCENDING,88,-8.5953,-17.8986,40.3515
2024-03-20,805,DESCENDING,139,-9.2962,-18.1566,43.3743
2024-03-23,805,ASCENDING,15,-7.1127,-17.2290,31.1346
2024-03-25,805,DESCENDING,37,-7.6442,-17.4768,34.7094
2024-03-28,805,ASCENDING,88,-9.3932,-19.8427,40.3540
2024-04-01,805,DESCENDING,139,-9.2808,-17.2205,43.3718
2024-04-04,805,ASCENDING,15,-7.6706,-18.3390,31.1446
2024-04-06,805,DESCENDING,37,-8.3605,-19.0390,34.7033
2024-04-09,805,ASCENDING,88,-10.6128,-20.6665,40.3589
2024-04-13,805,DESCENDING,139,-10.7837,-20.9669,43.3681
2024-04-16,805,ASCENDING,15,-6.8320,-16.4075,31.1414
2024-04-18,805,DESCENDING,37,-7.8627,-17.2842,34.7038
2024-04-21,805,ASCENDING,88,-10.1081,-20.6539,40.3578
2024-04-25,805,DESCENDING,139,-9.7973,-18.9656,43.3702
2024-04-28,805,ASCENDING,15,-10.8945,-22.4400,31.1432
2024-04-30,805,DESCENDING,37,-7.8341,-16.8428,34.7047
2024-05-03,805,ASCENDING,88,-8.0144,-18.7200,40.3569
2024-05-07,805,DESCENDING,139,-8.2314,-18.4074,43.3714
2024-05-10,805,ASCENDING,15,-8.0367,-19.8427,31.1443
2024-05-12,805,DESCENDING,37,-11.2294,-22.2046,34.7054
2024-05-15,805,ASCENDING,88,-8.8574,-19.5461,40.3528
2024-05-19,805,DESCENDING,139,-10.0346,-20.8382,43.3733
2024-05-22,805,ASCENDING,15,-7.9718,-19.0875,31.1357
2024-05-24,805,DESCENDING,37,-10.6000,-20.6624,34.7028
2024-05-27,805,ASCENDING,88,-8.3287,-17.8380,40.3573
2024-05-31,805,DESCENDING,139,-8.6715,-17.7025,43.3727
2024-06-03,805,ASCENDING,15,-8.1717,-18.1556,31.1390
2024-06-05,805,DESCENDING,37,-9.8911,-17.8488,34.7042
2024-06-08,805,ASCENDING,88,-13.1420,-19.8463,40.3568
2024-06-12,805,DESCENDING,139,-12.7813,-18.3395,43.3712
2024-06-15,805,ASCENDING,15,-10.7798,-17.7181,31.1391
2024-06-17,805,DESCENDING,37,-9.6514,-15.4703,34.7048
2024-06-20,805,ASCENDING,88,-8.5983,-13.7137,40.3576
2024-06-24,805,DESCENDING,139,-7.9077,-13.0737,43.3726
2024-06-29,805,DESCENDING,37,-10.0345,-15.4682,34.7043
2024-07-02,805,ASCENDING,88,-7.9069,-13.2214,40.3540
2024-07-06,805,DESCENDING,139,-8.1094,-13.5783,43.3726
2024-07-09,805,ASCENDING,15,-8.9244,-14.7750,31.1349
2024-07-11,805,DESCENDING,37,-9.4677,-14.4689,34.7072
2024-07-14,805,ASCENDING,88,-8.3434,-13.8936,40.3533
2024-07-18,805,DESCENDING,139,-7.3650,-12.9246,43.3742
2024-07-21,805,ASCENDING,15,-8.7944,-14.4078,31.1354
2024-07-23,805,DESCENDING,37,-8.9223,-14.6137,34.7074
2024-07-26,805,ASCENDING,88,-8.2334,-14.2201,40.3547
2024-07-30,805,DESCENDING,139,-7.4872,-13.2286,43.3730
2024-08-02,805,ASCENDING,15,-6.7365,-13.2625,31.1354
2024-08-04,805,DESCENDING,37,-6.3219,-12.5480,34.7051
2024-08-07,805,ASCENDING,88,-8.1437,-13.9627,40.3529
2024-08-11,805,DESCENDING,139,-6.1433,-12.9214,43.3741
2024-08-14,805,ASCENDING,15,-5.2667,-11.7182,31.1338
2024-08-16,805,DESCENDING,37,-5.9511,-12.3412,34.7063
2024-08-19,805,ASCENDING,88,-7.3667,-13.8278,40.3531
2024-08-23,805,DESCENDING,139,-7.7231,-13.9066,43.3745
2024-08-26,805,ASCENDING,15,-6.3946,-13.5894,31.1381
2024-08-28,805,DESCENDING,37,-6.4833,-12.2766,34.7067
2024-08-31,805,ASCENDING,88,-7.2252,-13.5910,40.3489
2024-09-04,805,DESCENDING,139,-5.6449,-12.5492,43.3713
2024-09-07,805,ASCENDING,15,-7.3275,-13.6118,31.1381
2024-09-09,805,DESCENDING,37,-5.9278,-12.4726,34.7069
2024-09-12,805,ASCENDING,88,-6.3424,-13.4678,40.3534
2024-09-16,805,DESCENDING,139,-10.1605,-18.0912,43.3708
2024-09-19,805,ASCENDING,15,-9.7334,-17.9625,31.1411
2024-09-21,805,DESCENDING,37,-9.7692,-18.7817,34.7048
2024-09-24,805,ASCENDING,88,-11.4522,-19.3412,40.3540
2024-09-28,805,DESCENDING,139,-8.1084,-16.6705,43.3704
2024-10-01,805,ASCENDING,15,-10.2984,-19.4583,31.1421
2024-10-03,805,DESCENDING,37,-8.7234,-19.9681,34.7029
2024-10-06,805,ASCENDING,88,-11.8304,-21.2197,40.3543
2024-10-10,805,DESCENDING,139,-7.3943,-15.3604,43.3710
2024-10-13,805,ASCENDING,15,-7.2183,-17.2812,31.1403
2024-10-15,805,DESCENDING,37,-5.2023,-15.6686,34.7007
2024-10-18,805,ASCENDING,88,-8.5767,-17.6606,40.3551
2024-10-22,805,DESCENDING,139,-7.9231,-16.6063,43.3671
2024-10-25,805,ASCENDING,15,-9.7943,-19.5352,31.1429
2024-10-27,805,DESCENDING,37,-10.4867,-19.3490,34.7012
2024-10-30,805,ASCENDING,88,-10.4789,-19.5374,40.3501
2024-11-03,805,DESCENDING,139,-10.6150,-19.7177,43.3668
2024-11-06,805,ASCENDING,15,-10.5492,-20.4653,31.1360
2024-11-08,805,DESCENDING,37,-10.8861,-20.2140,34.7018
2024-11-11,805,ASCENDING,88,-8.7036,-17.1403,40.3501
2024-11-15,805,DESCENDING,139,-8.0785,-16.0442,43.3658
2024-11-18,805,ASCENDING,15,-6.7801,-15.4878,31.1370
2024-11-20,805,DESCENDING,37,-6.6411,-15.2976,34.6992
2024-11-23,805,ASCENDING,88,-7.4491,-15.1986,40.3460
2024-11-27,805,DESCENDING,139,-7.6734,-15.2339,43.3617
2024-12-02,805,DESCENDING,37,-7.0518,-15.6733,34.6980
2024-12-05,805,ASCENDING,88,-7.2270,-15.4524,40.3467
2024-12-09,805,DESCENDING,139,-7.5789,-15.2983,43.3618
2024-12-12,805,ASCENDING,15,-6.3572,-15.4244,31.1313
2024-12-14,805,DESCENDING,37,-8.2631,-17.2230,34.6983
2024-12-17,805,ASCENDING,88,-7.4167,-15.7012,40.3472
2024-12-21,805,DESCENDING,139,-7.9248,-15.3283,43.3621
2024-12-24,805,ASCENDING,15,-6.1369,-14.4870,31.1322
2024-12-26,805,DESCENDING,37,-7.0761,-15.1054,34.6972
2024-12-29,805,ASCENDING,88,-7.2219,-15.2811,40.3442
2025-01-02,805,DESCENDING,139,-7.3249,-14.7960,43.3641
2025-01-05,805,ASCENDING,15,-6.2018,-14.8477,31.1301
2025-01-07,805,DESCENDING,37,-6.9216,-15.4566,34.6990
2025-01-10,805,ASCENDING,88,-9.9260,-18.5234,40.3449
2025-01-14,805,DESCENDING,139,-9.5487,-18.9723,43.3660
2025-01-17,805,ASCENDING,15,-6.3589,-14.4491,31.1314
2025-01-19,805,DESCENDING,37,-11.0496,-20.1515,34.7000
2025-01-22,805,ASCENDING,88,-7.2931,-15.4696,40.3445
2025-01-26,805,DESCENDING,139,-7.6130,-14.8531,43.3663
2025-01-29,805,ASCENDING,15,-6.4215,-15.0948,31.1291
2025-01-31,805,DESCENDING,37,-7.3883,-15.1410,34.7037
2025-02-03,805,ASCENDING,88,-7.7668,-16.6564,40.3471
2025-02-07,805,DESCENDING,139,-8.6699,-16.4091,43.3674
2025-02-10,805,ASCENDING,15,-7.4195,-16.1517,31.1362
2025-02-12,805,DESCENDING,37,-8.5159,-16.7037,34.7029
2025-02-15,805,ASCENDING,88,-8.4191,-16.8902,40.3483
2025-02-19,805,DESCENDING,139,-12.5317,-21.8422,43.3675
2025-02-22,805,ASCENDING,15,-8.4548,-17.2879,31.1357
2025-02-24,805,DESCENDING,37,-9.7057,-17.5957,34.7010
2025-02-27,805,ASCENDING,88,-8.0774,-15.6379,40.3504
2025-03-03,805,DESCENDING,139,-11.6507,-20.2173,43.3697
2025-03-06,805,ASCENDING,15,-9.2976,-18.0393,31.1369
2025-03-08,805,DESCENDING,37,-10.4217,-17.9049,34.7012
2025-03-11,805,ASCENDING,88,-11.0407,-18.0923,40.3523
2025-03-15,805,DESCENDING,139,-12.3251,-19.5246,43.3692
2025-03-18,805,ASCENDING,15,-12.8550,-21.2227,31.1396
2025-03-20,805,DESCENDING,37,-12.5944,-20.3100,34.7016
2025-03-23,805,ASCENDING,88,-10.5180,-17.2172,40.3527
2025-03-27,805,DESCENDING,139,-12.5960,-18.9706,43.3692
2025-03-30,805,ASCENDING,15,-13.7698,-20.0209,31.1353
2025-04-01,805,DESCENDING,37,-14.2842,-20.4430,34.7038
2025-04-04,805,ASCENDING,88,-15.8465,-20.8494,40.3509
2025-04-08,805,DESCENDING,139,-15.7769,-21.2149,43.3749
2025-04-11,805,ASCENDING,15,-15.5293,-20.8201,31.1404
2025-04-13,805,DESCENDING,37,-16.3393,-20.4400,34.7070
2025-04-16,805,ASCENDING,88,-15.0290,-17.8493,40.3520
2025-04-20,805,DESCENDING,139,-15.2204,-18.3442,43.3708
2025-04-23,805,ASCENDING,15,-15.2155,-18.9104,31.1436
2025-04-25,805,DESCENDING,37,-15.4620,-18.2797,34.7056
2025-04-28,805,ASCENDING,88,-18.3388,-21.2163,40.3543
2025-05-02,805,DESCENDING,139,-17.9475,-22.9050,43.3754
2025-05-05,805,ASCENDING,15,-19.3936,-22.5633,31.1418
2025-05-07,805,DESCENDING,37,-19.5589,-23.0703,34.7056
2025-05-10,805,ASCENDING,88,-19.4714,-25.0786,40.3563
2017-01-05,805,ASCENDING,15,-9999.0000,-9999.0000,-9999.0000
2017-01-07,805,DESCENDING,37,-12.2076,-20.2785,34.5932
2017-01-10,805,ASCENDING,88,-9.0742,-15.7965,40.2218
2017-01-17,805,ASCENDING,15,-9999.0000,-9999.0000,-9999.0000
2017-01-19,805,DESCENDING,37,-12.6063,-22.0931,34.5947
2017-01-22,805,ASCENDING,88,-13.5464,-22.8996,40.2225
2017-01-29,805,ASCENDING,15,-9999.0000,-9999.0000,-9999.0000
2017-01-31,805,DESCENDING,37,-8.6093,-16.2329,34.5961
2017-02-03,805,ASCENDING,88,-9.2967,-18.1410,40.2232
2017-02-10,805,ASCENDING,15,-9999.0000,-9999.0000,-9999.0000
2017-02-12,805,DESCENDING,37,-8.2945,-15.9848,34.5961
2017-02-15,805,ASCENDING,88,-9.6428,-19.0885,40.2231
2017-02-22,805,ASCENDING,15,-9999.0000,-9999.0000,-9999.0000
2017-02-24,805,DESCENDING,37,-7.6092,-16.0449,34.5986
2017-02-27,805,ASCENDING,88,-7.8607,-15.2053,40.2243
2017-03-06,805,ASCENDING,15,-6.2322,-14.7060,31.0092
2017-03-08,805,DESCENDING,37,-7.5157,-15.5187,34.6012
2017-03-11,805,ASCENDING,88,-7.4220,-17.9292,40.2264
2017-03-15,805,DESCENDING,139,-8.6969,-18.5940,43.3837
2017-03-18,805,ASCENDING,15,-6.2658,-14.1077,31.0114
2017-03-20,805,DESCENDING,37,-7.8039,-17.6593,34.6006
2017-03-23,805,ASCENDING,88,-8.1710,-18.5791,40.2276
2017-03-27,805,DESCENDING,139,-10.6397,-19.4684,43.3854
2017-03-30,805,ASCENDING,15,-9.3584,-20.0962,31.0127
2017-04-01,805,DESCENDING,37,-13.0912,-22.1865,34.6027
2017-04-04,805,ASCENDING,88,-13.3019,-22.8472,40.2291
2017-04-08,805,DESCENDING,139,-13.3510,-23.3446,43.3862
2017-04-11,805,ASCENDING,15,-13.2802,-22.1545,31.0168
2017-04-13,805,DESCENDING,37,-13.0342,-22.0879,34.6014
2017-04-16,805,ASCENDING,88,-12.7337,-22.0345,40.2323
2017-04-20,805,DESCENDING,139,-12.9077,-23.1535,43.3860
2017-04-23,805,ASCENDING,15,-13.4699,-22.7778,31.0166
2017-04-25,805,DESCENDING,37,-10.2035,-19.4037,34.6025
2017-04-28,805,ASCENDING,88,-11.6071,-21.2645,40.2317
2017-05-02,805,DESCENDING,139,-10.3879,-19.2330,43.3864
2017-05-05,805,ASCENDING,15,-8.7200,-18.0754,31.0187
2017-05-07,805,DESCENDING,37,-10.3918,-19.9700,34.6011
2017-05-10,805,ASCENDING,88,-13.5442,-23.0339,40.2341
2017-05-14,805,DESCENDING,139,-13.4053,-22.9660,43.3843
2017-05-17,805,ASCENDING,15,-13.1111,-21.7822,31.0169
2017-05-19,805,DESCENDING,37,-7.6548,-16.6381,34.6009
2017-05-22,805,ASCENDING,88,-12.4545,-20.4555,40.2323
2017-05-26,805,DESCENDING,139,-12.0287,-18.9101,43.3842
2017-05-29,805,ASCENDING,15,-6.7339,-14.9539,31.0185
2017-05-31,805,DESCENDING,37,-10.5935,-16.9714,34.5928
2017-06-03,805,ASCENDING,88,-10.3615,-16.8654,40.2153
2017-06-07,805,DESCENDING,139,-7.6138,-14.1129,43.3847
2017-06-10,805,ASCENDING,15,-9.7694,-15.5459,31.0167
2017-06-12,805,DESCENDING,37,-10.9849,-16.1094,34.5928
2017-06-15,805,ASCENDING,88,-8.5470,-14.4540,40.2143
2017-06-19,805,DESCENDING,139,-8.5813,-14.0169,43.3862
2017-06-22,805,ASCENDING,15,-7.0409,-14.9859,31.0187
2017-06-24,805,DESCENDING,37,-9.4106,-14.5928,34.5920
2017-06-27,805,ASCENDING,88,-7.9856,-13.7326,40.2156
2017-07-01,805,DESCENDING,139,-5.4740,-11.6571,43.3855
2017-07-04,805,ASCENDING,15,-6.7273,-14.2656,31.0164
2017-07-06,805,DESCENDING,37,-6.9162,-12.7936,34.5930
2017-07-09,805,ASCENDING,88,-7.2996,-13.9612,40.2146
2017-07-13,805,DESCENDING,139,-5.2652,-11.4026,43.3859
2017-07-16,805,ASCENDING,15,-6.5420,-12.6072,31.0160
2017-07-18,805,DESCENDING,37,-6.0178,-11.7351,34.5951
2017-07-21,805,ASCENDING,88,-6.1683,-12.6425,40.2162
2017-07-25,805,DESCENDING,139,-6.0467,-11.0186,43.3858
2017-07-28,805,ASCENDING,15,-6.2336,-12.7647,31.0181
2017-07-30,805,DESCENDING,37,-5.6728,-11.5163,34.5928
2017-08-06,805,DESCENDING,139,-4.0304,-10.8616,43.3854
2017-08-09,805,ASCENDING,15,-5.7958,-13.3004,31.0168
2017-08-11,805,DESCENDING,37,-4.4849,-10.5797,34.5934
2017-08-14,805,ASCENDING,88,-5.6787,-12.5313,40.2144
2017-08-18,805,DESCENDING,139,-4.3623,-10.2059,43.3858
2017-08-21,805,ASCENDING,15,-5.4555,-12.1974,31.0156
2017-08-23,805,DESCENDING,37,-5.4830,-11.4658,34.5947
2017-08-26,805,ASCENDING,88,-5.9862,-12.9544,40.2163
2017-08-30,805,DESCENDING,139,-6.4536,-12.4227,43.3848
2017-09-02,805,ASCENDING,15,-5.6413,-12.2343,31.0173
2017-09-04,805,DESCENDING,37,-5.6555,-11.8461,34.5924
2017-09-07,805,ASCENDING,88,-6.2321,-12.7320,40.2152
2017-09-11,805,DESCENDING,139,-4.5806,-10.7962,43.3828
2017-09-14,805,ASCENDING,15,-4.8654,-10.9091,31.0169
2017-09-19,805,ASCENDING,88,-6.4214,-12.9718,40.2131
2017-09-23,805,DESCENDING,139,-6.2173,-12.0340,43.3816
2017-09-26,805,ASCENDING,15,-5.9549,-13.0929,31.0146
2017-09-28,805,DESCENDING,37,-5.8418,-11.9072,34.5884
2017-10-01,805,ASCENDING,88,-5.7029,-12.8575,40.2115
2017-10-05,805,DESCENDING,139,-6.2993,-12.6491,43.3805
2017-10-08,805,ASCENDING,15,-3.9496,-11.7024,31.0125
2017-10-10,805,DESCENDING,37,-4.4510,-13.9851,34.5867
2017-10-13,805,ASCENDING,88,-8.5772,-15.5466,40.2095
2017-10-17,805,DESCENDING,139,-9.4038,-17.2321,43.3792
2017-10-20,805,ASCENDING,15,-7.3005,-15.6395,31.0099
2017-10-22,805,DESCENDING,37,-5.5242,-15.9205,34.5891
2017-10-25,805,ASCENDING,88,-8.9507,-18.0420,40.2080
2017-10-29,805,DESCENDING,139,-6.5446,-15.5506,43.3785
2017-11-01,805,ASCENDING,15,-8.0189,-18.2323,31.0087
2017-11-03,805,DESCENDING,37,-8.5826,-18.3409,34.5884
2017-11-06,805,ASCENDING,88,-6.2362,-16.4857,40.2067
2017-11-10,805,DESCENDING,139,-7.4533,-16.7711,43.3777
2017-11-13,805,ASCENDING,15,-5.4020,-15.6094,31.0075
2017-11-15,805,DESCENDING,37,-6.7656,-15.7347,34.5873
2017-11-18,805,ASCENDING,88,-6.3262,-16.6127,40.2059
2017-11-22,805,DESCENDING,139,-7.1126,-16.1691,43.3858
2017-11-25,805,ASCENDING,15,-4.4495,-14.1701,31.0067
2017-11-27,805,DESCENDING,37,-5.8621,-14.8617,34.5864
2017-11-30,805,ASCENDING,88,-5.4487,-14.9847,40.2050
2017-12-04,805,DESCENDING,139,-6.2632,-15.3934,43.3853
2017-12-07,805,ASCENDING,15,-4.8408,-14.9053,31.0054
2017-12-09,805,DESCENDING,37,-9.3880,-18.9638,34.5860
2017-12-12,805,ASCENDING,88,-5.4178,-15.3894,40.2045
2017-12-16,805,DESCENDING,139,-6.1076,-15.4836,43.3846
2017-12-19,805,ASCENDING,15,-3.9839,-14.5832,31.3731
2017-12-21,805,DESCENDING,37,-5.3879,-14.5155,34.5856
2017-12-24,805,ASCENDING,88,-5.7067,-15.4220,40.2044
2017-12-28,805,DESCENDING,139,-6.1693,-15.8866,43.3843
2017-12-31,805,ASCENDING,15,-4.3901,-14.8599,31.0061
2018-01-02,805,DESCENDING,37,-5.2352,-14.6725,34.5862
2018-01-05,805,ASCENDING,88,-5.9207,-15.9882,40.2041
2018-01-09,805,DESCENDING,139,-6.9060,-16.3919,43.3850
2018-01-12,805,ASCENDING,15,-4.9203,-15.2332,31.0061
2018-01-14,805,DESCENDING,37,-6.1985,-15.7009,34.5863
2018-01-17,805,ASCENDING,88,-5.9533,-15.9575,40.2049
2018-01-21,805,DESCENDING,139,-6.8250,-16.0193,43.3855
2018-01-24,805,ASCENDING,15,-4.9510,-15.3907,31.0196
2018-01-26,805,DESCENDING,37,-6.3256,-14.9041,34.5869
2018-01-29,805,ASCENDING,88,-6.5142,-16.5421,40.2056
2018-02-02,805,DESCENDING,139,-7.4519,-16.2010,43.3775
2018-02-05,805,ASCENDING,15,-5.5083,-16.4538,31.0198
2018-02-07,805,DESCENDING,37,-9.9558,-19.4666,34.5878
2018-02-10,805,ASCENDING,88,-7.2681,-17.8915,40.2064
2018-02-14,805,DESCENDING,139,-12.1749,-22.4660,43.3787
2018-02-17,805,ASCENDING,15,-5.1695,-15.6410,31.0210
2018-02-19,805,DESCENDING,37,-12.1673,-20.6498,34.5867
2018-02-22,805,ASCENDING,88,-8.3595,-18.2328,40.2066
2018-02-26,805,DESCENDING,139,-14.2983,-24.4674,43.3809
2018-03-01,805,ASCENDING,15,-13.6414,-22.4666,31.0223
2018-03-03,805,DESCENDING,37,-15.2994,-23.0929,34.5897
2018-03-06,805,ASCENDING,88,-8.7066,-18.8405,40.2081
2018-03-10,805,DESCENDING,139,-8.6099,-16.1582,43.3829
2018-03-13,805,ASCENDING,15,-6.3264,-15.1103,31.0108
2018-03-15,805,DESCENDING,37,-8.3916,-17.0918,34.5912
2018-03-18,805,ASCENDING,88,-7.8280,-17.6659,40.2095
2018-03-22,805,DESCENDING,139,-9.6997,-17.6063,43.3848
2018-03-25,805,ASCENDING,15,-7.3572,-17.2620,31.0119
2018-03-27,805,DESCENDING,37,-10.5177,-19.8409,34.5936
2018-03-30,805,ASCENDING,88,-8.6062,-17.0465,40.2108
2018-04-03,805,DESCENDING,139,-10.0364,-16.3463,43.3864
2018-04-06,805,ASCENDING,15,-8.5447,-17.6625,31.0035
2018-04-08,805,DESCENDING,37,-11.2023,-17.2194,34.5956
2018-04-11,805,ASCENDING,88,-10.8616,-16.0475,40.2127
2018-04-15,805,DESCENDING,139,-11.2256,-15.3278,43.3862
2018-04-20,805,DESCENDING,37,-14.0945,-18.5851,34.5939
2018-04-23,805,ASCENDING,88,-14.5927,-17.8916,40.2148
2018-04-27,805,DESCENDING,139,-15.9103,-19.7091,43.3862
2018-04-30,805,ASCENDING,15,-14.8959,-18.1597,31.0169
2018-05-02,805,DESCENDING,37,-15.6506,-18.9049,34.5946
2018-05-05,805,ASCENDING,88,-17.4041,-19.8575,40.2148
2018-05-09,805,DESCENDING,139,-16.0897,-21.5318,43.3877
2018-05-12,805,ASCENDING,15,-19.1884,-22.0377,31.0178
2018-05-14,805,DESCENDING,37,-16.0894,-20.3359,34.5933
2018-05-17,805,ASCENDING,88,-17.7263,-21.4030,40.2147
2018-05-21,805,DESCENDING,139,-16.5893,-22.0286,43.3860
2018-05-24,805,ASCENDING,15,-16.0905,-21.1607,31.0188
2018-05-26,805,DESCENDING,37,-14.5963,-21.4670,34.5926
2018-05-29,805,ASCENDING,88,-13.0993,-20.2768,40.2165
2018-06-02,805,DESCENDING,139,-13.2852,-19.4716,43.3843
2018-06-05,805,ASCENDING,15,-14.1509,-19.4716,31.0173
2018-06-07,805,DESCENDING,37,-13.5281,-19.1564,34.5922
2018-06-14,805,DESCENDING,139,-12.5351,-19.4066,43.3855
2018-06-17,805,ASCENDING,15,-13.8378,-18.7709,31.0152
2018-06-19,805,DESCENDING,37,-13.5941,-19.4738,34.5951
2018-06-22,805,ASCENDING,88,-12.7662,-19.5927,40.4209
2018-06-26,805,DESCENDING,139,-12.0919,-18.6517,43.3851
2018-07-01,805,DESCENDING,37,-12.3448,-19.4809,34.5927
2018-07-04,805,ASCENDING,88,-11.8546,-19.1530,40.4200
2018-07-08,805,DESCENDING,139,-13.4069,-20.7779,43.3859
2018-07-11,805,ASCENDING,15,-14.4704,-21.7223,31.0163
2018-07-13,805,DESCENDING,37,-15.1593,-23.2779,34.5937
2018-07-16,805,ASCENDING,88,-13.8906,-22.9369,40.2105
2018-07-20,805,DESCENDING,139,-15.5943,-25.5701,43.3877
2018-07-23,805,ASCENDING,15,-13.8884,-26.3144,31.0159
2018-07-25,805,DESCENDING,37,-15.0291,-26.5615,34.5972
2018-07-25,805,DESCENDING,37,-15.0408,-26.0674,34.5713
2018-07-28,805,ASCENDING,88,-15.0837,-26.5608,40.1783
2018-08-01,805,DESCENDING,139,-15.6584,-26.4434,43.3849
2018-08-04,805,ASCENDING,15,-13.9032,-26.6868,31.0179
2018-08-04,805,ASCENDING,15,-13.9090,-26.8227,31.0179
2018-08-06,805,DESCENDING,37,-15.3402,-27.0570,34.5917
2018-08-06,805,DESCENDING,37,-15.3523,-26.8009,34.5636
2018-08-09,805,ASCENDING,88,-14.6067,-24.5728,40.2119
2018-08-09,805,ASCENDING,88,-14.6100,-24.4346,40.2119
2018-08-13,805,DESCENDING,139,-12.9077,-19.1634,43.2294
2018-08-13,805,DESCENDING,139,-12.8420,-19.1019,43.3850
2018-08-16,805,ASCENDING,15,-14.0809,-26.8131,31.0162
2018-08-16,805,ASCENDING,15,-14.0452,-26.6810,31.0163
2018-08-18,805,DESCENDING,37,-13.5952,-21.0950,34.5937
2018-08-18,805,DESCENDING,37,-13.5923,-21.0336,34.5617
2018-08-21,805,ASCENDING,88,-14.7372,-26.8087,40.2070
2018-08-21,805,ASCENDING,88,-14.7034,-26.8203,40.2071
2018-08-25,805,DESCENDING,139,-13.6555,-19.7169,43.2297
2018-08-25,805,DESCENDING,139,-13.5972,-19.5942,43.3866
2018-08-28,805,ASCENDING,15,-10.9240,-21.7809,31.0163
2018-08-28,805,ASCENDING,15,-10.9223,-21.7885,31.0164
2018-08-30,805,DESCENDING,37,-8.5462,-18.3393,34.5936
2018-08-30,805,DESCENDING,37,-8.5524,-18.4017,34.5613
2018-09-02,805,ASCENDING,88,-11.1698,-22.0243,40.2073
2018-09-02,805,ASCENDING,88,-11.1715,-22.0284,40.2072
2018-09-06,805,DESCENDING,139,-7.4242,-15.3267,43.2341
2018-09-06,805,DESCENDING,139,-7.3615,-15.2331,43.3860
2018-09-09,805,ASCENDING,15,-10.6421,-22.7835,31.0155
2018-09-09,805,ASCENDING,15,-10.6411,-22.8388,31.0157
2018-09-11,805,DESCENDING,37,-10.8547,-21.9643,34.5944
2018-09-11,805,DESCENDING,37,-10.8607,-21.8399,34.5611
2018-09-14,805,ASCENDING,88,-12.1721,-22.9667,40.2079
2018-09-14,805,ASCENDING,88,-12.1426,-22.9659,40.2079
2018-09-18,805,DESCENDING,139,-12.0752,-22.5262,43.2319
2018-09-18,805,DESCENDING,139,-12.0206,-22.3350,43.3846
2018-09-21,805,ASCENDING,15,-12.3560,-22.9334,31.0162
2018-09-21,805,ASCENDING,15,-12.3362,-22.9382,31.0162
2018-09-23,805,DESCENDING,37,-7.9827,-15.7635,34.5918
2018-09-23,805,DESCENDING,37,-7.9701,-15.7034,34.5581
2018-09-26,805,ASCENDING,88,-9.7046,-18.9831,40.2077
2018-09-26,805,ASCENDING,88,-9.7144,-18.9851,40.2077
2018-09-30,805,DESCENDING,139,-11.2365,-19.9714,43.2371
2018-09-30,805,DESCENDING,139,-11.1717,-19.9055,43.3814
2018-10-03,805,ASCENDING,15,-10.9118,-22.4513,31.0140
2018-10-03,805,ASCENDING,15,-10.8453,-22.4634,31.0140
2018-10-05,805,DESCENDING,37,-10.8331,-20.5939,34.5600
2018-10-05,805,DESCENDING,37,-10.8293,-20.5275,34.5881
2018-10-08,805,ASCENDING,88,-11.8243,-21.7202,40.2112
2018-10-08,805,ASCENDING,88,-11.8600,-21.7175,40.2113
2018-10-12,805,DESCENDING,139,-12.4106,-22.2798,43.2348
2018-10-12,805,DESCENDING,139,-12.3441,-22.1534,43.3801
2018-10-15,805,ASCENDING,15,-12.1064,-23.3457,31.0120
2018-10-15,805,ASCENDING,15,-12.1418,-23.4010,31.0120
2018-10-17,805,DESCENDING,37,-12.0966,-23.1812,34.5579
2018-10-17,805,DESCENDING,37,-12.0978,-23.1866,34.5864
2018-10-20,805,ASCENDING,88,-12.8010,-23.0970,40.2090
2018-10-20,805,ASCENDING,88,-12.7985,-23.0932,40.2089
2018-10-24,805,DESCENDING,139,-10.4538,-18.0952,43.2334
2018-10-24,805,DESCENDING,139,-10.3913,-17.9663,43.3786
2018-10-27,805,ASCENDING,15,-9.1407,-19.9154,31.0098
2018-10-27,805,ASCENDING,15,-9.1435,-19.9665,31.0098
2018-10-29,805,DESCENDING,37,-11.2790,-21.5957,34.5560
2018-10-29,805,DESCENDING,37,-11.2290,-21.6582,34.6004
2018-11-01,805,ASCENDING,88,-7.5281,-16.2631,40.2072
2018-11-01,805,ASCENDING,88,-7.5350,-16.2655,40.2073
2018-11-05,805,DESCENDING,139,-9.2962,-17.0939,43.2315
2018-11-05,805,DESCENDING,139,-9.2259,-17.0290,43.3771
2018-11-08,805,ASCENDING,15,-9.3907,-20.2861,31.0070
2018-11-08,805,ASCENDING,15,-9.3909,-20.2851,31.0069
2018-11-10,805,DESCENDING,37,-8.8595,-17.5284,34.5561
2018-11-10,805,DESCENDING,37,-8.9230,-17.4635,34.5866
2018-11-13,805,ASCENDING,88,-8.5481,-17.7038,40.2053
2018-11-13,805,ASCENDING,88,-8.5150,-17.7026,40.2053
2018-11-17,805,DESCENDING,139,-10.4859,-19.0896,43.2322
2018-11-17,805,DESCENDING,139,-10.4587,-19.0392,43.3767
2018-11-20,805,ASCENDING,15,-9.7650,-20.5341,31.0073
2018-11-20,805,ASCENDING,15,-9.7668,-20.4680,31.0071
2018-11-22,805,DESCENDING,37,-10.1700,-20.2852,34.5492
2018-11-22,805,DESCENDING,37,-10.1352,-20.1621,34.5866
2018-11-29,805,DESCENDING,139,-7.0786,-16.3936,43.2318
2018-11-29,805,DESCENDING,139,-6.9848,-16.2644,43.3848
2018-12-02,805,ASCENDING,15,-5.4243,-14.9874,31.0056
2018-12-02,805,ASCENDING,15,-5.3946,-14.9540,31.0056
2018-12-04,805,DESCENDING,37,-5.5771,-14.5144,34.5490
2018-12-04,805,DESCENDING,37,-5.5806,-14.5428,34.5857
2018-12-07,805,ASCENDING,88,-6.1376,-14.9800,40.2053
2018-12-07,805,ASCENDING,88,-6.1710,-15.0155,40.2052
2018-12-11,805,DESCENDING,139,-5.8921,-14.8306,43.2322
2018-12-11,805,DESCENDING,139,-5.8556,-14.7667,43.3844
2018-12-14,805,ASCENDING,15,-6.0348,-16.8543,31.0053
2018-12-14,805,ASCENDING,15,-6.0295,-16.8423,31.0054
2018-12-16,805,DESCENDING,37,-10.2021,-21.3460,34.5487
2018-12-16,805,DESCENDING,37,-10.2209,-21.4093,34.5849
2018-12-19,805,ASCENDING,88,-6.2979,-15.9879,40.2039
2018-12-19,805,ASCENDING,88,-6.3001,-15.9512,40.2038
2018-12-23,805,DESCENDING,139,-5.4853,-14.5485,43.2271
2018-12-23,805,DESCENDING,139,-5.3855,-14.4836,43.3843
2018-12-26,805,ASCENDING,15,-5.4057,-16.4195,31.0046
2018-12-26,805,ASCENDING,15,-5.4042,-16.4227,31.0045
2018-12-28,805,DESCENDING,37,-9.4227,-20.0925,34.5978
2018-12-28,805,DESCENDING,37,-9.3965,-20.0918,34.5491
2018-12-31,805,ASCENDING,88,-5.5765,-14.6103,40.2037
2018-12-31,805,ASCENDING,88,-5.5452,-14.5824,40.2038
2019-01-04,805,DESCENDING,139,-5.6104,-14.6708,43.3842
2019-01-07,805,ASCENDING,15,-3.7213,-13.7016,31.0052
2019-01-09,805,DESCENDING,37,-4.4833,-13.8578,34.5982
2019-01-12,805,ASCENDING,88,-5.1682,-14.5161,40.2043
2019-01-16,805,DESCENDING,139,-5.5840,-14.7108,43.3846
2019-01-19,805,ASCENDING,15,-8.0394,-20.0871,31.0059
2019-01-21,805,DESCENDING,37,-9.6991,-22.4125,34.5998
2019-01-24,805,ASCENDING,88,-10.8281,-22.8409,40.2050
2019-01-28,805,DESCENDING,139,-5.6054,-14.3885,43.3771
2019-01-31,805,ASCENDING,15,-7.0951,-19.5215,31.0312
2019-02-02,805,DESCENDING,37,-10.9615,-22.0239,34.5874
2019-02-05,805,ASCENDING,88,-5.3298,-15.3589,40.2059
2019-02-09,805,DESCENDING,139,-5.7669,-15.2048,43.3782
2019-02-14,805,DESCENDING,37,-8.9892,-20.0337,34.6014
2019-02-17,805,ASCENDING,88,-6.8314,-17.5880,40.2065
2019-02-21,805,DESCENDING,139,-8.6376,-18.5916,43.3802
2019-02-24,805,ASCENDING,15,-7.6589,-20.6619,31.0091
2019-02-26,805,DESCENDING,37,-9.0462,-20.7132,34.6038
2019-03-01,805,ASCENDING,88,-5.9856,-16.6581,40.2082
2019-03-05,805,DESCENDING,139,-6.8283,-16.0304,43.3818
2019-03-08,805,ASCENDING,15,-3.5461,-15.8383,31.0094
2019-03-10,805,DESCENDING,37,-4.7637,-14.5292,34.6063
2019-03-13,805,ASCENDING,88,-4.9544,-15.8608,40.2091
2019-03-17,805,DESCENDING,139,-6.2027,-15.7192,43.3843
2019-03-20,805,ASCENDING,15,-4.0752,-16.9082,31.0118
2019-03-22,805,DESCENDING,37,-6.9522,-17.6583,34.6076
2019-03-25,805,ASCENDING,88,-5.6691,-17.2130,40.2097
2019-03-29,805,DESCENDING,139,-10.1753,-20.7741,43.3855
2019-04-01,805,ASCENDING,15,-10.2931,-23.6870,31.0120
2019-04-03,805,DESCENDING,37,-5.8875,-16.0878,34.5945
2019-04-06,805,ASCENDING,88,-11.5109,-23.2119,40.2111
2019-04-10,805,DESCENDING,139,-12.4736,-23.1682,43.3883
2019-04-13,805,ASCENDING,15,-10.5824,-24.1916,31.0180
2019-04-15,805,DESCENDING,37,-12.0178,-24.1823,34.5929
2019-04-18,805,ASCENDING,88,-12.3525,-23.4010,40.2158
2019-04-22,805,DESCENDING,139,-13.4041,-24.4696,43.3834
2019-04-27,805,DESCENDING,37,-14.1557,-23.0534,34.5916
2019-04-30,805,ASCENDING,88,-15.6487,-24.9069,40.2139
2019-05-04,805,DESCENDING,139,-11.3962,-17.6407,43.3849
2019-05-07,805,ASCENDING,15,-13.4257,-22.3116,31.0139
2019-05-09,805,DESCENDING,37,-11.5928,-18.3451,34.5947
2019-05-12,805,ASCENDING,88,-14.1627,-22.3443,40.2135
2019-05-16,805,DESCENDING,139,-15.7795,-25.0613,43.3846
2019-05-19,805,ASCENDING,15,-14.5565,-25.0591,31.0148
2019-05-21,805,DESCENDING,37,-12.6016,-20.4034,34.5932
2019-05-24,805,ASCENDING,88,-15.9043,-25.6826,40.2127
2019-05-28,805,DESCENDING,139,-15.0936,-24.0949,43.3872
2019-05-31,805,ASCENDING,15,-14.1981,-24.3261,31.0181
2019-06-02,805,DESCENDING,37,-13.5944,-22.4450,34.5928
2019-06-05,805,ASCENDING,88,-12.8581,-20.2317,40.2149
2019-06-09,805,DESCENDING,139,-10.1537,-17.9145,43.3859
2019-06-12,805,ASCENDING,15,-7.6978,-14.2325,31.0157
2019-06-14,805,DESCENDING,37,-8.3286,-15.5475,34.5942
2019-06-17,805,ASCENDING,88,-9.5763,-15.7179,40.2143
2019-06-21,805,DESCENDING,139,-7.6703,-15.1443,43.3863
2019-06-26,805,DESCENDING,37,-7.2700,-14.7664,34.5954
2019-06-29,805,ASCENDING,88,-7.9031,-14.1564,40.2159
2019-07-03,805,DESCENDING,139,-7.9210,-14.9229,43.3851
2019-07-06,805,ASCENDING,15,-7.5119,-14.7317,31.0163
2019-07-08,805,DESCENDING,37,-7.3015,-14.3585,34.5927
2019-07-11,805,ASCENDING,88,-8.2228,-14.7051,40.2154
2019-07-15,805,DESCENDING,139,-7.5115,-14.5434,43.3849
2019-07-18,805,ASCENDING,15,-7.1090,-14.4653,31.0167
2019-07-20,805,DESCENDING,37,-6.9228,-14.3592,34.5925
2019-07-23,805,ASCENDING,88,-7.3296,-13.8573,40.2143
2019-07-27,805,DESCENDING,139,-6.4190,-13.3595,43.3861
2019-07-30,805,ASCENDING,15,-6.8235,-13.7166,31.0154
2019-08-01,805,DESCENDING,37,-6.8233,-14.0154,34.5934
2019-08-04,805,ASCENDING,88,-6.8878,-13.7981,40.2139
2019-08-08,805,DESCENDING,139,-6.5752,-13.3913,43.3849
2019-08-11,805,ASCENDING,15,-6.3567,-14.0438,31.0179
2019-08-13,805,DESCENDING,37,-6.2417,-13.5465,34.5929
2019-08-16,805,ASCENDING,88,-7.3005,-13.6447,40.2158
2019-08-20,805,DESCENDING,139,-6.6734,-13.7628,43.3847
2019-08-25,805,DESCENDING,37,-6.4184,-14.2968,34.5929
2019-08-28,805,ASCENDING,88,-7.3407,-13.9504,40.2144
2019-09-01,805,DESCENDING,139,-7.5173,-14.4176,43.3845
2019-09-04,805,ASCENDING,15,-6.8588,-13.6124,31.0164
2019-09-06,805,DESCENDING,37,-7.5192,-15.1738,34.5925
2019-09-09,805,ASCENDING,88,-7.1408,-11.7660,40.2140
2019-09-13,805,DESCENDING,139,-8.5295,-13.0806,43.3847
2019-09-16,805,ASCENDING,15,-9.4517,-15.3425,31.0159
2019-09-18,805,DESCENDING,37,-11.1518,-17.0929,34.5917
2019-09-21,805,ASCENDING,88,-13.4077,-20.2794,40.2139
2019-09-25,805,DESCENDING,139,-8.7020,-14.7341,43.3813
2019-09-28,805,ASCENDING,15,-8.6582,-17.0497,31.0143
2019-09-30,805,DESCENDING,37,-11.0265,-18.7834,34.5889
2019-10-03,805,ASCENDING,88,-9.9043,-18.5326,40.2123
2019-10-07,805,DESCENDING,139,-7.7022,-14.9858,43.3806
2019-10-10,805,ASCENDING,15,-8.5783,-17.9035,31.0124
2019-10-12,805,DESCENDING,37,-8.9542,-18.6512,34.5872
2019-10-15,805,ASCENDING,88,-9.3601,-16.3862,40.2106
2019-10-19,805,DESCENDING,139,-8.4215,-18.4740,43.3787
2019-10-24,805,DESCENDING,37,-8.0772,-18.6552,34.5883
2019-10-27,805,ASCENDING,88,-8.5508,-16.9238,40.2080
2019-10-31,805,DESCENDING,139,-11.5173,-20.2158,43.3774
2019-11-03,805,ASCENDING,15,-7.2204,-16.0869,31.0082
2019-11-05,805,DESCENDING,37,-6.9519,-15.4870,34.5866
2019-11-08,805,ASCENDING,88,-8.3544,-16.6397,40.2062
2019-11-12,805,DESCENDING,139,-8.2057,-16.3455,43.3768
2019-11-15,805,ASCENDING,15,-8.4026,-17.8359,31.0069
2019-11-17,805,DESCENDING,37,-10.3585,-21.0953,34.5861
2019-11-20,805,ASCENDING,88,-6.9540,-14.8375,40.2049
2019-11-24,805,DESCENDING,139,-7.4881,-15.2022,43.3845
2019-11-27,805,ASCENDING,15,-5.8398,-15.1087,31.0054
2019-11-29,805,DESCENDING,37,-6.1410,-14.4227,34.5852
2019-12-02,805,ASCENDING,88,-7.0138,-15.1452,40.2039
2019-12-06,805,DESCENDING,139,-8.1371,-15.6729,43.3843
2019-12-09,805,ASCENDING,15,-5.5353,-14.0768,31.0055
2019-12-11,805,DESCENDING,37,-6.4196,-14.9182,34.5856
2019-12-14,805,ASCENDING,88,-6.7705,-14.7350,40.2039
2019-12-18,805,DESCENDING,139,-6.9495,-14.3554,43.3843
2019-12-23,805,DESCENDING,37,-6.1711,-14.6515,34.5854
2019-12-26,805,ASCENDING,88,-6.9841,-15.1735,40.2037
2019-12-30,805,DESCENDING,139,-11.8568,-20.2196,43.3841
2020-01-02,805,ASCENDING,15,-5.3996,-14.5459,31.0050
2020-01-04,805,DESCENDING,37,-6.4489,-14.9569,34.5851
2020-01-07,805,ASCENDING,88,-7.0169,-15.7367,40.2039
2020-01-11,805,DESCENDING,139,-6.9554,-14.7023,43.3764
2020-01-14,805,ASCENDING,15,-5.5909,-15.2937,31.0050
2020-01-16,805,DESCENDING,37,-7.4189,-15.7231,34.5861
2020-01-19,805,ASCENDING,88,-7.2343,-15.5804,40.2044
2020-01-23,805,DESCENDING,139,-7.0762,-15.0769,43.3768
2020-01-26,805,ASCENDING,15,-5.9720,-15.5282,31.0064
2020-01-28,805,DESCENDING,37,-6.5795,-15.0174,34.5872
2020-01-31,805,ASCENDING,88,-7.2038,-16.1607,40.2135
2020-02-04,805,DESCENDING,139,-7.1055,-15.3911,43.3496
2020-02-07,805,ASCENDING,15,-5.1697,-15.2292,31.0177
2020-02-09,805,DESCENDING,37,-7.3277,-15.7198,34.5870
2020-02-12,805,ASCENDING,88,-7.1110,-16.9194,40.2137
2020-02-16,805,DESCENDING,139,-7.4223,-15.5144,43.3516
2020-02-21,805,DESCENDING,37,-7.9660,-16.3331,34.5887
2020-02-24,805,ASCENDING,88,-7.1685,-16.2661,40.2148
2020-02-28,805,DESCENDING,139,-9.5531,-17.2207,43.3528
2020-03-02,805,ASCENDING,15,-5.6132,-14.6148,31.0192
2020-03-04,805,DESCENDING,37,-8.1102,-15.8881,34.5867
2020-03-07,805,ASCENDING,88,-7.8223,-16.9714,40.2159
2020-03-11,805,DESCENDING,139,-8.2659,-15.0851,43.3554
2020-03-14,805,ASCENDING,15,-6.7759,-16.2083,31.0196
2020-03-16,805,DESCENDING,37,-9.1676,-17.0971,34.5899
2020-03-19,805,ASCENDING,88,-8.7698,-16.2957,40.2171
2020-03-23,805,DESCENDING,139,-11.3016,-18.5367,43.3578
2020-03-26,805,ASCENDING,15,-9.6394,-18.0951,31.0215
2020-03-28,805,DESCENDING,37,-10.7819,-18.2137,34.5927
2020-03-31,805,ASCENDING,88,-11.0442,-18.1607,40.2188
2020-04-04,805,DESCENDING,139,-11.8452,-18.9091,43.3603
2020-04-07,805,ASCENDING,15,-11.7038,-18.2156,31.0245
2020-04-09,805,DESCENDING,37,-12.5785,-18.0831,34.5914
2020-04-12,805,ASCENDING,88,-13.2610,-18.2039,40.2231
2020-04-16,805,DESCENDING,139,-13.3908,-18.6543,43.3576
2020-04-21,805,DESCENDING,37,-16.2821,-20.2868,34.5916
2020-04-24,805,ASCENDING,88,-16.7720,-20.2918,40.2242
2020-04-28,805,DESCENDING,139,-17.0231,-20.2217,43.3562
2020-05-01,805,ASCENDING,15,-13.8505,-16.9229,31.0267
2020-05-03,805,DESCENDING,37,-15.2155,-18.2819,34.5900
2020-05-06,805,ASCENDING,88,-17.1536,-19.0233,40.2222
2020-05-10,805,DESCENDING,139,-17.3494,-20.4650,43.3558
2020-05-13,805,ASCENDING,15,-18.5369,-21.9639,31.0268
2020-05-15,805,DESCENDING,37,-18.8223,-21.8400,34.5904
2020-05-18,805,ASCENDING,88,-19.0939,-22.6021,40.2219
2020-05-22,805,DESCENDING,139,-18.4066,-22.5915,43.3570
2020-05-25,805,ASCENDING,15,-18.4035,-22.8459,31.0271
2020-05-27,805,DESCENDING,37,-17.9379,-22.9008,34.5917
2020-05-30,805,ASCENDING,88,-16.0458,-22.4057,40.2223
2020-06-03,805,DESCENDING,139,-15.1631,-22.0356,43.3588
2020-06-06,805,ASCENDING,15,-14.7760,-18.7766,31.0285
2020-06-08,805,DESCENDING,37,-15.5352,-19.7835,34.5907
2020-06-15,805,DESCENDING,139,-12.8456,-18.7874,43.3580
2020-06-20,805,DESCENDING,37,-13.5312,-18.3426,34.5905
2020-06-27,805,DESCENDING,139,-12.9749,-18.8457,43.3582
2020-06-30,805,ASCENDING,15,-12.4079,-17.3427,31.0261
2020-07-02,805,DESCENDING,37,-12.6602,-17.9204,34.5918
2020-07-05,805,ASCENDING,88,-11.9495,-17.0164,40.2380
2020-07-09,805,DESCENDING,139,-11.5310,-17.2821,43.3587
2020-07-12,805,ASCENDING,15,-10.3492,-15.5771,31.0260
2020-07-14,805,DESCENDING,37,-11.7783,-17.6564,34.5940
2020-07-17,805,ASCENDING,88,-10.3552,-16.9721,40.2397
2020-07-21,805,DESCENDING,139,-12.4083,-18.9077,43.3579
2020-07-24,805,ASCENDING,15,-11.5321,-21.0944,31.0283
2020-07-26,805,DESCENDING,37,-5.7946,-11.6759,34.5907
2020-07-29,805,ASCENDING,88,-13.7168,-22.9046,40.2387
2020-08-02,805,DESCENDING,139,-16.3491,-24.5558,43.3576
2020-08-05,805,ASCENDING,15,-13.8428,-23.9685,31.0265
2020-08-07,805,DESCENDING,37,-15.7771,-24.9043,34.5913
2020-08-10,805,ASCENDING,88,-13.1534,-23.9069,40.2376
2020-08-14,805,DESCENDING,139,-11.1571,-20.8407,43.3588
2020-08-17,805,ASCENDING,15,-8.2954,-19.4033,31.0554
2020-08-19,805,DESCENDING,37,-10.7649,-21.1551,34.5938
2020-08-22,805,ASCENDING,88,-10.7373,-20.1513,40.2527
2020-08-26,805,DESCENDING,139,-11.2836,-20.6040,43.3579
2020-08-29,805,ASCENDING,15,-12.4653,-23.0913,31.0271
2020-08-31,805,DESCENDING,37,-9.8278,-17.8511,34.5920
2020-09-03,805,ASCENDING,88,-12.1750,-20.7059,40.2394
2020-09-07,805,DESCENDING,139,-13.9014,-23.7719,43.3554
2020-09-10,805,ASCENDING,15,-12.9196,-23.4701,31.0268
2020-09-12,805,DESCENDING,37,-12.9076,-23.9078,34.5885
2020-09-15,805,ASCENDING,88,-13.2991,-23.6457,40.2371
2020-09-19,805,DESCENDING,139,-13.5371,-23.7877,43.3546
2020-09-22,805,ASCENDING,15,-12.8247,-23.4001,31.0251
2020-09-24,805,DESCENDING,37,-10.7362,-19.6565,34.5875
2020-09-27,805,ASCENDING,88,-8.9515,-17.2008,40.2355
2020-10-01,805,DESCENDING,139,-8.6518,-15.6435,43.3533
2020-10-04,805,ASCENDING,15,-6.8435,-15.9218,31.0221
2020-10-06,805,DESCENDING,37,-7.1071,-15.2024,34.5857
2020-10-09,805,ASCENDING,88,-7.7369,-15.5899,40.2328
2020-10-13,805,DESCENDING,139,-7.9224,-15.2999,43.3522
2020-10-18,805,DESCENDING,37,-7.0770,-15.6036,34.5850
2020-10-21,805,ASCENDING,88,-7.7961,-15.2636,40.2314
2020-10-25,805,DESCENDING,139,-7.6721,-14.8655,43.3510
2020-10-28,805,ASCENDING,15,-7.5763,-14.9815,31.0190
2020-10-30,805,DESCENDING,37,-6.7989,-14.4767,34.5870
2020-11-02,805,ASCENDING,88,-7.1385,-14.0149,40.2446
2020-11-06,805,DESCENDING,139,-9.2315,-16.2943,43.3503
2020-11-09,805,ASCENDING,15,-7.1508,-14.9855,31.0177
2020-11-11,805,DESCENDING,37,-7.1984,-14.6452,34.5861
2020-11-14,805,ASCENDING,88,-8.2993,-15.3274,40.2212
2020-11-18,805,DESCENDING,139,-8.3562,-15.9691,43.3496
2020-11-21,805,ASCENDING,15,-7.4764,-15.3609,31.0169
2020-11-23,805,DESCENDING,37,-7.2954,-14.9873,34.5850
2020-11-30,805,DESCENDING,139,-11.7038,-18.8240,43.3494
2020-12-03,805,ASCENDING,15,-7.5451,-15.1116,31.0159
2020-12-05,805,DESCENDING,37,-8.9841,-16.1734,34.5851
2020-12-08,805,ASCENDING,88,-8.0178,-15.3255,40.2283
2020-12-12,805,DESCENDING,139,-7.9226,-14.8583,43.3494
2020-12-15,805,ASCENDING,15,-7.1727,-14.0491,31.0179
2020-12-17,805,DESCENDING,37,-7.2329,-14.5120,34.5847
2020-12-20,805,ASCENDING,88,-8.1697,-15.4557,40.2215
2020-12-24,805,DESCENDING,139,-8.0154,-14.9073,43.3574
2020-12-27,805,ASCENDING,15,-7.8318,-15.0808,31.0160
2020-12-29,805,DESCENDING,37,-10.3266,-17.7635,34.5852
2021-01-01,805,ASCENDING,88,-10.0785,-15.9530,40.2283
2021-01-05,805,DESCENDING,139,-8.3915,-15.4175,43.3493
2021-01-08,805,ASCENDING,15,-7.0751,-14.4230,31.0161
2021-01-10,805,DESCENDING,37,-9.0150,-15.7371,34.5849
2021-01-13,805,ASCENDING,88,-8.0160,-15.3572,40.2287
2021-01-17,805,DESCENDING,139,-9.4818,-16.2634,43.3490
2021-01-20,805,ASCENDING,15,-7.6075,-13.9184,31.0172
2021-01-22,805,DESCENDING,37,-7.8303,-14.5502,34.5838
2021-01-25,805,ASCENDING,88,-8.5432,-15.6695,40.2294
2021-01-29,805,DESCENDING,139,-7.5118,-13.7990,43.3491
2021-02-01,805,ASCENDING,15,-7.1699,-13.4197,31.0167
2021-02-03,805,DESCENDING,37,-7.4866,-13.9541,34.5851
2021-02-06,805,ASCENDING,88,-8.4214,-14.6101,40.2293
2021-02-10,805,DESCENDING,139,-12.8268,-22.2817,43.3494
2021-02-15,805,DESCENDING,37,-12.1601,-21.4717,34.5863
2021-02-18,805,ASCENDING,88,-10.0795,-18.0191,40.2364
2021-02-22,805,DESCENDING,139,-10.4515,-19.0960,43.3516
2021-02-25,805,ASCENDING,15,-8.5350,-18.6660,31.0179
2021-02-27,805,DESCENDING,37,-9.4866,-19.0960,34.5899
2021-03-02,805,ASCENDING,88,-10.0489,-19.7860,40.2301
2021-03-06,805,DESCENDING,139,-11.7669,-21.0951,43.3539
2021-03-09,805,ASCENDING,15,-8.5804,-16.7748,31.0181
2021-03-11,805,DESCENDING,37,-9.2038,-18.7745,34.5886
2021-03-14,805,ASCENDING,88,-8.5463,-16.7707,39.5750
2021-03-18,805,DESCENDING,139,-10.0794,-17.8433,43.3568
2021-03-21,805,ASCENDING,15,-7.7195,-18.7194,31.0202
2021-03-23,805,DESCENDING,37,-9.1717,-19.3405,34.5917
2021-03-26,805,ASCENDING,88,-9.6127,-19.3912,39.5773
2021-03-30,805,DESCENDING,139,-11.7969,-19.8513,43.3598
2021-04-02,805,ASCENDING,15,-9.6712,-21.1524,31.0224
2021-04-04,805,DESCENDING,37,-11.5819,-21.9048,34.5934
2021-04-07,805,ASCENDING,88,-9.0788,-17.2962,39.5792
2021-04-11,805,DESCENDING,139,-8.7327,-15.4230,43.3583
2021-04-14,805,ASCENDING,15,-8.2078,-19.0334,31.0265
2021-04-16,805,DESCENDING,37,-9.8901,-19.9037,34.5919
2021-04-19,805,ASCENDING,88,-9.8898,-20.0960,39.5819
2021-04-23,805,DESCENDING,139,-14.1000,-24.9027,43.3587
2021-04-26,805,ASCENDING,15,-12.4741,-23.4636,31.0271
2021-04-28,805,DESCENDING,37,-13.5326,-24.6596,34.5936
2021-05-01,805,ASCENDING,88,-13.6385,-24.7179,39.5823
2021-05-05,805,DESCENDING,139,-13.1506,-23.8553,43.3597
2021-05-08,805,ASCENDING,15,-12.9081,-24.2211,31.0279
2021-05-10,805,DESCENDING,37,-13.3446,-24.2181,34.5909
2021-05-13,805,ASCENDING,88,-13.5264,-24.9628,39.5819
2021-05-17,805,DESCENDING,139,-11.2150,-21.1558,43.3588
2021-05-20,805,ASCENDING,15,-13.2815,-23.7154,31.0284
2021-05-22,805,DESCENDING,37,-12.3415,-22.8405,34.5905
2021-05-25,805,ASCENDING,88,-8.7060,-17.6438,39.5833
2021-05-29,805,DESCENDING,139,-11.5927,-20.5378,43.3568
2021-06-01,805,ASCENDING,15,-12.6416,-22.3397,31.0270
2021-06-06,805,ASCENDING,88,-9.8916,-17.0859,39.5823
2021-06-10,805,DESCENDING,139,-11.1563,-17.3453,43.3566
2021-06-13,805,ASCENDING,15,-10.8604,-17.5962,31.0250
2021-06-15,805,DESCENDING,37,-9.5466,-16.1697,34.5919
2021-06-18,805,ASCENDING,88,-8.9232,-15.2073,39.5802
2021-06-22,805,DESCENDING,139,-7.5793,-13.7929,43.3591
2021-06-25,805,ASCENDING,15,-5.6092,-12.1535,31.0282
2021-06-27,805,DESCENDING,37,-7.0779,-13.4214,34.5905
2021-07-07,805,ASCENDING,15,-5.8568,-12.6412,31.0265
2021-07-09,805,DESCENDING,37,-5.4233,-12.2944,34.5912
2021-07-12,805,ASCENDING,88,-7.1412,-13.5450,39.5811
2021-07-16,805,DESCENDING,139,-5.8603,-12.1065,43.3592
2021-07-19,805,ASCENDING,15,-6.3281,-12.6747,31.0253
2021-07-21,805,DESCENDING,37,-5.6514,-12.0847,34.5943
2021-07-24,805,ASCENDING,88,-6.9112,-13.7609,39.5828
2021-07-28,805,DESCENDING,139,-4.5462,-11.2654,43.3579
2021-07-31,805,ASCENDING,15,-6.7330,-13.9220,31.0280
2021-08-02,805,DESCENDING,37,-6.1120,-12.2362,34.5909
2021-08-05,805,ASCENDING,88,-7.3895,-13.7953,39.5825
2021-08-09,805,DESCENDING,139,-5.6686,-12.0120,43.3580
2021-08-12,805,ASCENDING,15,-7.3866,-13.9854,31.0281
2021-08-14,805,DESCENDING,37,-5.7381,-12.5482,34.5909
2021-08-17,805,ASCENDING,88,-5.8594,-12.1380,39.5824
2021-08-21,805,DESCENDING,139,-5.6147,-11.8903,43.3570
2021-08-24,805,ASCENDING,15,-7.2995,-13.7229,31.0266
2021-08-26,805,DESCENDING,37,-6.2926,-12.8509,34.5904
2021-08-29,805,ASCENDING,88,-4.7094,-11.4263,39.5815
2021-09-02,805,DESCENDING,139,-6.1092,-12.7024,43.3566
2021-09-05,805,ASCENDING,15,-6.8011,-13.2969,31.0252
2021-09-07,805,DESCENDING,37,-5.0128,-12.2311,34.5907
2021-09-10,805,ASCENDING,88,-5.9211,-13.1092,39.5829
2021-09-14,805,DESCENDING,139,-5.6683,-12.0896,43.3551
2021-09-17,805,ASCENDING,15,-6.4193,-13.5538,31.0260
2021-09-19,805,DESCENDING,37,-5.4133,-12.3859,34.5879
2021-09-22,805,ASCENDING,88,-6.9250,-13.7687,39.5814
2021-09-26,805,DESCENDING,139,-6.1056,-12.5181,43.3531
2021-09-29,805,ASCENDING,15,-6.5160,-13.1749,31.0240
2021-10-01,805,DESCENDING,37,-6.7039,-13.5956,34.5859
2021-10-04,805,ASCENDING,88,-7.2967,-13.4212,39.5806
2021-10-08,805,DESCENDING,139,-6.2045,-12.9092,43.3524
2021-10-11,805,ASCENDING,15,-6.8938,-13.5900,31.0222
2021-10-13,805,DESCENDING,37,-5.7681,-12.2027,34.5849
2021-10-16,805,ASCENDING,88,-6.9879,-13.9212,39.5765
2021-10-20,805,DESCENDING,139,-6.8875,-13.4245,43.3517
2021-10-23,805,ASCENDING,15,-6.6113,-13.5321,31.0204
2021-10-25,805,DESCENDING,37,-6.7388,-13.2319,34.5874
2021-10-28,805,ASCENDING,88,-7.2935,-13.6391,40.3424
2021-11-01,805,DESCENDING,139,-6.6098,-13.1713,43.3509
2021-11-04,805,ASCENDING,15,-6.5167,-13.1122,31.0182
2021-11-06,805,DESCENDING,37,-6.3300,-12.9660,34.5871
2021-11-09,805,ASCENDING,88,-8.6063,-15.7978,39.5743
2021-11-13,805,DESCENDING,139,-8.2633,-15.7344,43.3497
2021-11-16,805,ASCENDING,15,-5.8655,-13.4515,31.0168
2021-11-18,805,DESCENDING,37,-5.3916,-13.7961,34.5860
2021-11-21,805,ASCENDING,88,-7.2114,-14.5757,39.5725
2021-11-25,805,DESCENDING,139,-7.8552,-15.3263,43.3495
2021-11-28,805,ASCENDING,15,-5.2650,-14.8004,31.0166
2021-11-30,805,DESCENDING,37,-4.8016,-13.8244,34.5855
2021-12-03,805,ASCENDING,88,-5.5777,-14.3906,39.5717
2021-12-07,805,DESCENDING,139,-5.2957,-13.8266,43.3489
2021-12-10,805,ASCENDING,15,-3.7635,-13.1752,31.0156
2021-12-12,805,DESCENDING,37,-4.4551,-13.2369,34.5843
2021-12-15,805,ASCENDING,88,-5.3313,-13.9199,39.5718
2021-12-19,805,DESCENDING,139,-5.8003,-14.2385,43.3492
2021-12-22,805,ASCENDING,15,-8.0732,-18.8476,31.0162
2025-04-05,805,ASCENDING,15,-9999.0000,-9999.0000,-9999.0000
2025-05-01,805,DESCENDING,37,-19.4697,-22.0895,34.6009
2025-05-08,805,DESCENDING,139,-20.6596,-24.3484,42.6429
2025-05-11,805,ASCENDING,15,-21.3438,-25.5624,31.0198
