2017-01-03,805,-9999.0000,-9999.0000,-9999.0000,-9999.0000,-9999.0000,-9999.0000,-9999.0000,-9999.0000,-9999.0000,-9999.0000,-9999.0000
2017-01-03,805,-9999.0000,-9999.0000,-9999.0000,-9999.0000,-9999.0000,-9999.0000,-9999.0000,-9999.0000,-9999.0000,-9999.0000,-9999.0000
2017-02-02,805,1809.0000,1468.4281,1276.6151,1425.4838,1585.1843,1864.7294,2133.1667,2153.6074,2564.5344,2269.0000,1361.4962
2017-02-02,805,1810.0000,1468.4681,1276.4232,1425.1298,1585.2593,1865.6653,2134.0000,2153.5947,2565.4844,2274.5000,1361.8569
2017-02-12,805,-9999.0000,-9999.0000,-9999.0000,-9999.0000,-9999.0000,-9999.0000,-9999.0000,-9999.0000,-9999.0000,-9999.0000,-9999.0000
2017-02-12,805,-9999.0000,-9999.0000,-9999.0000,-9999.0000,-9999.0000,-9999.0000,-9999.0000,-9999.0000,-9999.0000,-9999.0000,-9999.0000
2017-03-14,805,1520.0000,1232.0000,1127.0000,1180.4780,1360.7143,1605.3333,1757.5823,1713.5865,1917.3636,2005.5714,1469.2390
2017-03-14,805,1519.0000,1232.0000,1127.0000,1180.6152,1360.5385,1605.2144,1761.5000,1712.9450,1913.7142,2009.7652,1469.3333
2017-04-03,805,-9999.0000,-9999.0000,-9999.0000,-9999.0000,-9999.0000,-9999.0000,-9999.0000,-9999.0000,-9999.0000,-9999.0000,-9999.0000
2017-04-03,805,-9999.0000,-9999.0000,-9999.0000,-9999.0000,-9999.0000,-9999.0000,-9999.0000,-9999.0000,-9999.0000,-9999.0000,-9999.0000
2017-05-03,805,-9999.0000,-9999.0000,-9999.0000,-9999.0000,-9999.0000,-9999.0000,-9999.0000,-9999.0000,-9999.0000,-9999.0000,-9999.0000
2017-05-03,805,-9999.0000,-9999.0000,-9999.0000,-9999.0000,-9999.0000,-9999.0000,-9999.0000,-9999.0000,-9999.0000,-9999.0000,-9999.0000
2017-05-13,805,-9999.0000,-9999.0000,-9999.0000,-9999.0000,-9999.0000,-9999.0000,-9999.0000,-9999.0000,-9999.0000,-9999.0000,-9999.0000
2017-05-13,805,-9999.0000,-9999.0000,-9999.0000,-9999.0000,-9999.0000,-9999.0000,-9999.0000,-9999.0000,-9999.0000,-9999.0000,-9999.0000
2017-06-02,805,1521.0000,1332.4923,1413.2609,1466.8979,1763.1350,2837.0000,3284.9803,3019.4490,3460.7500,2508.7896,1866.9422
2017-06-02,805,1509.0000,1330.3000,1413.5145,1466.7499,1755.3192,2838.0000,3285.6667,3027.9640,3460.5000,2509.1730,1861.2857
2017-06-12,805,-9999.0000,-9999.0000,-9999.0000,-9999.0000,-9999.0000,-9999.0000,-9999.0000,-9999.0000,-9999.0000,-9999.0000,-9999.0000
2017-06-12,805,-9999.0000,-9999.0000,-9999.0000,-9999.0000,-9999.0000,-9999.0000,-9999.0000,-9999.0000,-9999.0000,-9999.0000,-9999.0000
2017-07-07,805,-9999.0000,-9999.0000,-9999.0000,-9999.0000,-9999.0000,-9999.0000,-9999.0000,-9999.0000,-9999.0000,-9999.0000,-9999.0000
2017-07-07,805,-9999.0000,-9999.0000,-9999.0000,-9999.0000,-9999.0000,-9999.0000,-9999.0000,-9999.0000,-9999.0000,-9999.0000,-9999.0000
2017-07-22,805,-9999.0000,-9999.0000,-9999.0000,-9999.0000,-9999.0000,-9999.0000,-9999.0000,-9999.0000,-9999.0000,-9999.0000,-9999.0000
2017-07-22,805,-9999.0000,-9999.0000,-9999.0000,-9999.0000,-9999.0000,-9999.0000,-9999.0000,-9999.0000,-9999.0000,-9999.0000,-9999.0000
2017-08-06,805,1277.0000,976.0000,940.5613,558.6667,1002.6664,3963.4000,5078.1975,4919.7732,5367.1357,1411.5000,553.5000
2017-08-06,805,1277.0000,976.5195,940.4284,558.5270,1002.4553,3963.8156,5076.3750,4920.3757,5365.2751,1413.3077,553.5714
2017-08-21,805,-9999.0000,-9999.0000,-9999.0000,-9999.0000,-9999.0000,-9999.0000,-9999.0000,-9999.0000,-9999.0000,-9999.0000,-9999.0000
2017-08-21,805,-9999.0000,-9999.0000,-9999.0000,-9999.0000,-9999.0000,-9999.0000,-9999.0000,-9999.0000,-9999.0000,-9999.0000,-9999.0000
2017-08-26,805,-9999.0000,-9999.0000,-9999.0000,-9999.0000,-9999.0000,-9999.0000,-9999.0000,-9999.0000,-9999.0000,-9999.0000,-9999.0000
2017-08-26,805,-9999.0000,-9999.0000,-9999.0000,-9999.0000,-9999.0000,-9999.0000,-9999.0000,-9999.0000,-9999.0000,-9999.0000,-9999.0000
2017-09-05,805,-9999.0000,-9999.0000,-9999.0000,-9999.0000,-9999.0000,-9999.0000,-9999.0000,-9999.0000,-9999.0000,-9999.0000,-9999.0000
2017-09-05,805,-9999.0000,-9999.0000,-9999.0000,-9999.0000,-9999.0000,-9999.0000,-9999.0000,-9999.0000,-9999.0000,-9999.0000,-9999.0000
2017-09-10,805,-9999.0000,-9999.0000,-9999.0000,-9999.0000,-9999.0000,-9999.0000,-9999.0000,-9999.0000,-9999.0000,-9999.0000,-9999.0000
2017-09-10,805,-9999.0000,-9999.0000,-9999.0000,-9999.0000,-9999.0000,-9999.0000,-9999.0000,-9999.0000,-9999.0000,-9999.0000,-9999.0000
2017-09-20,805,-9999.0000,-9999.0000,-9999.0000,-9999.0000,-9999.0000,-9999.0000,-9999.0000,-9999.0000,-9999.0000,-9999.0000,-9999.0000
2017-09-20,805,-9999.0000,-9999.0000,-9999.0000,-9999.0000,-9999.0000,-9999.0000,-9999.0000,-9999.0000,-9999.0000,-9999.0000,-9999.0000
2017-09-25,805,1520.0000,1112.2857,1056.7138,680.4669,1111.0000,3707.6667,4716.9971,4515.0118,5066.0000,1380.3333,611.4697
2017-09-25,805,1531.0000,1112.5455,1058.6000,676.5952,1110.0000,3719.0000,4727.0000,4528.0000,5073.1429,1380.5000,587.7544
2017-10-15,805,1583.0000,1362.6906,1341.0000,1437.9615,1611.0000,1947.6667,2139.2918,2034.6883,2289.5760,2268.1941,1777.3333
2017-10-15,805,1580.0000,1360.2500,1342.2022,1435.7028,1617.0000,1948.0478,2140.0990,2035.6304,2300.4000,2272.6212,1768.0000
2017-10-20,805,1741.0000,1477.1875,1422.2500,1579.8824,1818.3333,2147.3368,2376.7357,2215.2017,2586.2857,2572.4026,2010.6667
2017-10-20,805,1730.0000,1477.4737,1425.5619,1587.6875,1819.3333,2148.0000,2375.5264,2215.7168,2582.9650,2573.5000,2018.7500
2017-10-30,805,1611.0000,1250.3733,1042.3155,1061.2754,1133.0000,1316.0000,1419.9615,1315.2727,1462.3714,1420.0000,1141.8031
2017-10-30,805,1612.0000,1250.4054,1042.2088,1061.3369,1134.5176,1314.8727,1420.5000,1320.2154,1469.3832,1413.6000,1146.0000
2017-11-04,805,-9999.0000,-9999.0000,-9999.0000,-9999.0000,-9999.0000,-9999.0000,-9999.0000,-9999.0000,-9999.0000,-9999.0000,-9999.0000
2017-11-04,805,-9999.0000,-9999.0000,-9999.0000,-9999.0000,-9999.0000,-9999.0000,-9999.0000,-9999.0000,-9999.0000,-9999.0000,-9999.0000
2017-11-14,805,-9999.0000,-9999.0000,-9999.0000,-9999.0000,-9999.0000,-9999.0000,-9999.0000,-9999.0000,-9999.0000,-9999.0000,-9999.0000
2017-11-14,805,-9999.0000,-9999.0000,-9999.0000,-9999.0000,-9999.0000,-9999.0000,-9999.0000,-9999.0000,-9999.0000,-9999.0000,-9999.0000
2017-11-19,805,1710.0000,1292.0000,1002.5674,910.3512,1005.3950,1234.9000,1339.0243,1235.5914,1362.9364,1062.0000,758.6250
2017-11-19,805,1711.0000,1291.0000,1002.5409,912.4616,1005.8960,1235.8433,1330.8421,1236.2386,1364.1944,1061.4000,756.4999
2017-11-29,805,-9999.0000,-9999.0000,-9999.0000,-9999.0000,-9999.0000,-9999.0000,-9999.0000,-9999.0000,-9999.0000,-9999.0000,-9999.0000
2017-11-29,805,-9999.0000,-9999.0000,-9999.0000,-9999.0000,-9999.0000,-9999.0000,-9999.0000,-9999.0000,-9999.0000,-9999.0000,-9999.0000
2018-01-18,805,-9999.0000,-9999.0000,-9999.0000,-9999.0000,-9999.0000,-9999.0000,-9999.0000,-9999.0000,-9999.0000,-9999.0000,-9999.0000
2018-01-18,805,-9999.0000,-9999.0000,-9999.0000,-9999.0000,-9999.0000,-9999.0000,-9999.0000,-9999.0000,-9999.0000,-9999.0000,-9999.0000
2018-02-07,805,-9999.0000,-9999.0000,-9999.0000,-9999.0000,-9999.0000,-9999.0000,-9999.0000,-9999.0000,-9999.0000,-9999.0000,-9999.0000
2018-02-07,805,-9999.0000,-9999.0000,-9999.0000,-9999.0000,-9999.0000,-9999.0000,-9999.0000,-9999.0000,-9999.0000,-9999.0000,-9999.0000
2018-02-12,805,1752.0000,1357.0000,1150.6667,1030.0000,1429.4646,2315.0000,2606.0000,2497.3333,2787.0000,1956.0000,1190.0000
2018-02-12,805,1783.0000,1376.0000,1176.0000,1063.0000,1474.0000,2390.0000,2660.3266,2603.5000,2859.5000,2027.8433,1221.5000
2018-02-22,805,1501.0000,1158.0000,970.6111,838.6502,1188.8942,1883.7707,2076.3939,2028.9158,2171.6287,1534.1667,928.0000
2018-02-22,805,1503.0000,1157.0000,970.5067,838.5202,1189.0890,1883.3450,2074.8889,2029.4722,2172.6435,1533.3000,924.0000
2018-02-27,805,1560.0000,1262.4396,1160.6364,1185.4000,1658.0000,2436.5126,2677.0000,2667.1687,2842.7122,2645.4970,2108.4000
2018-02-27,805,1556.0000,1260.4966,1160.5617,1185.6662,1661.5970,2426.1469,2669.2403,2667.5938,2835.5000,2642.4274,2107.5000
2018-03-04,805,1562.0000,1270.3340,1150.3544,1173.2933,1534.0000,2259.8191,2539.7500,2481.4080,2756.4187,2504.5000,1764.7500
2018-03-04,805,1561.0000,1270.5172,1150.1549,1173.2856,1529.5005,2252.2901,2540.2496,2485.1385,2753.8000,2502.3333,1768.6957
2018-03-14,805,-9999.0000,-9999.0000,-9999.0000,-9999.0000,-9999.0000,-9999.0000,-9999.0000,-9999.0000,-9999.0000,-9999.0000,-9999.0000
2018-03-14,805,-9999.0000,-9999.0000,-9999.0000,-9999.0000,-9999.0000,-9999.0000,-9999.0000,-9999.0000,-9999.0000,-9999.0000,-9999.0000
2018-03-19,805,-9999.0000,-9999.0000,-9999.0000,-9999.0000,-9999.0000,-9999.0000,-9999.0000,-9999.0000,-9999.0000,-9999.0000,-9999.0000
2018-03-24,805,1674.0000,1364.0000,1184.0000,1039.0000,1318.2546,2057.6620,2290.2469,2225.6847,2404.4000,1585.4518,1016.6000
2018-03-29,805,-9999.0000,-9999.0000,-9999.0000,-9999.0000,-9999.0000,-9999.0000,-9999.0000,-9999.0000,-9999.0000,-9999.0000,-9999.0000
2018-03-29,805,-9999.0000,-9999.0000,-9999.0000,-9999.0000,-9999.0000,-9999.0000,-9999.0000,-9999.0000,-9999.0000,-9999.0000,-9999.0000
2018-04-08,805,1458.0000,1160.0000,1068.4247,850.4054,1177.5632,2757.2997,3404.7499,3219.5623,3580.5676,1771.9416,946.4280
2018-04-08,805,1459.0000,1161.0000,1068.3500,850.4365,1177.6569,2764.7500,3411.2000,3218.2581,3595.2792,1772.0156,948.2951
2018-04-18,805,1221.0000,898.5835,778.4829,497.3792,793.3590,2513.1570,3322.3333,3170.9057,3460.1818,1164.2308,532.4306
2018-04-18,805,1218.6770,898.5066,778.5560,497.6666,793.4286,2517.9458,3322.8406,3172.4372,3468.6320,1165.4608,531.9333
2018-04-23,805,1325.0000,1000.5637,848.5099,553.6595,805.5965,2580.6667,3563.6259,3495.6737,3786.6667,1069.3340,453.3079
2018-04-23,805,1324.0000,1000.4246,849.4244,549.5931,810.0247,2567.1116,3556.7500,3479.2308,3771.0000,1069.5979,453.0000
2018-05-08,805,1126.6649,806.5346,668.3556,405.5642,651.3996,2545.5651,3869.6000,3780.1549,4172.0596,1075.9000,452.0526
2018-05-08,805,1124.2508,806.5187,668.4631,405.5540,650.6000,2537.4761,3876.3435,3780.3937,4178.4760,1075.8434,459.0588
2018-05-18,805,1415.0000,1048.0000,840.0000,602.2000,780.0000,2195.0000,3239.0000,3141.6667,3408.0000,873.0000,472.0000
2018-05-18,805,1415.0000,1041.0000,825.0000,596.2500,738.0000,1963.0000,2873.0000,2850.0000,3005.0000,823.0000,448.0000
2018-05-28,805,1298.2117,976.4434,830.5250,581.3370,765.6793,2401.2574,3802.0000,3571.1362,4169.2000,1083.9226,491.2665
2018-05-28,805,1300.4097,976.5736,830.5706,581.8714,765.3906,2401.3077,3809.7157,3573.0000,4173.9954,1084.2000,491.9034
2018-06-02,805,1527.0000,1116.3369,884.5025,544.5128,750.5000,2690.7120,4444.2048,4299.7192,4934.4511,1105.2000,405.3333
2018-06-02,805,1528.6402,1117.7763,888.5387,549.6865,753.4233,2700.0000,4434.0000,4291.3979,4919.8914,1114.2857,410.6250
2018-06-07,805,1543.0000,1177.0000,1010.5000,726.3060,945.9091,2558.0000,3755.0916,3595.2381,4219.2500,1227.2857,516.0000
2018-06-07,805,1541.0000,1178.4684,1010.6063,724.3551,946.0256,2552.8714,3758.5105,3587.3670,4195.7427,1220.0000,514.4987
2018-06-27,805,1170.0000,896.0000,846.4977,717.4248,1049.5557,2108.1924,2708.0000,2707.2096,3140.1079,1290.0013,649.4000
2018-06-27,805,1171.0000,895.0000,846.4610,717.3247,1045.2538,2108.0928,2714.8157,2707.7702,3146.4621,1290.0000,649.6291
2018-07-02,805,1200.0000,996.7387,980.5318,1097.5882,1427.7950,2045.1627,2428.5386,2563.4063,2931.0228,1667.7500,939.1636
2018-07-02,805,1205.0000,998.4007,978.4946,1097.4764,1429.2726,2045.8750,2428.1250,2571.7971,2939.6913,1665.5000,936.7500
2018-07-07,805,1311.0000,1114.4740,1088.4500,1353.7030,1573.5714,1949.8594,2308.3030,2355.5082,2820.2222,2027.3333,1182.0000
2018-07-07,805,1309.0000,1114.4921,1086.4340,1353.2856,1573.5000,1953.4260,2307.0045,2347.2720,2825.5833,2027.5796,1181.0286
2018-07-12,805,1707.0000,1450.6726,1320.0000,1569.3358,1700.6371,2060.3333,2468.7500,2540.6000,3050.0000,2486.6364,1379.2243
2018-07-12,805,1718.0996,1450.5102,1320.3953,1569.2963,1706.5000,2058.4000,2490.3742,2539.2500,3061.3333,2489.0000,1354.9522
2018-07-17,805,-9999.0000,-9999.0000,-9999.0000,-9999.0000,-9999.0000,-9999.0000,-9999.0000,-9999.0000,-9999.0000,-9999.0000,-9999.0000
2018-07-17,805,-9999.0000,-9999.0000,-9999.0000,-9999.0000,-9999.0000,-9999.0000,-9999.0000,-9999.0000,-9999.0000,-9999.0000,-9999.0000
2018-07-22,805,1577.0000,1581.5181,1753.6178,2531.3653,2745.0000,3193.0000,3685.0000,3723.5309,4372.0000,4686.8806,2817.0000
2018-07-22,805,1576.0000,1581.3612,1749.2029,2531.7977,2747.6055,3189.8143,3686.5000,3722.8676,4369.1281,4684.3636,2810.8082
2018-07-27,805,1582.0000,1629.5885,1853.2551,2715.0085,2955.3922,3384.4009,3875.0000,3851.9142,4508.6097,4642.6250,2778.5556
2018-07-27,805,1585.0000,1629.3385,1853.1739,2716.3316,2956.0256,3387.3197,3876.3702,3851.6893,4506.4103,4651.6000,2778.6667
2018-08-06,805,1573.0000,1661.4444,1939.3277,2867.2007,3139.6473,3554.8565,4011.4954,3995.6250,4636.0007,4700.1667,2794.5805
2018-08-06,805,1576.0000,1661.4231,1931.1000,2867.4691,3147.2500,3547.7360,4011.4509,3995.5769,4634.9852,4698.6000,2796.7143
2018-08-11,805,1780.0000,1813.6929,2027.3002,2919.7785,3218.6000,3627.4199,4067.6459,4212.4884,4748.5243,4834.5864,2996.1257
2018-08-11,805,1774.0000,1813.1673,2027.1457,2934.4666,3220.7007,3629.8728,4074.8103,4210.8235,4747.0000,4836.1125,3004.4388
2018-08-16,805,1976.0000,1886.4327,1977.4484,2563.5931,2785.1473,3241.7500,3661.7445,3605.6882,4157.1991,3970.9229,2553.2500
2018-08-21,805,-9999.0000,-9999.0000,-9999.0000,-9999.0000,-9999.0000,-9999.0000,-9999.0000,-9999.0000,-9999.0000,-9999.0000,-9999.0000
2018-08-21,805,-9999.0000,-9999.0000,-9999.0000,-9999.0000,-9999.0000,-9999.0000,-9999.0000,-9999.0000,-9999.0000,-9999.0000,-9999.0000
2018-08-26,805,-9999.0000,-9999.0000,-9999.0000,-9999.0000,-9999.0000,-9999.0000,-9999.0000,-9999.0000,-9999.0000,-9999.0000,-9999.0000
2018-08-26,805,-9999.0000,-9999.0000,-9999.0000,-9999.0000,-9999.0000,-9999.0000,-9999.0000,-9999.0000,-9999.0000,-9999.0000,-9999.0000
2018-09-05,805,-9999.0000,-9999.0000,-9999.0000,-9999.0000,-9999.0000,-9999.0000,-9999.0000,-9999.0000,-9999.0000,-9999.0000,-9999.0000
2018-09-05,805,-9999.0000,-9999.0000,-9999.0000,-9999.0000,-9999.0000,-9999.0000,-9999.0000,-9999.0000,-9999.0000,-9999.0000,-9999.0000
2018-09-25,805,-9999.0000,-9999.0000,-9999.0000,-9999.0000,-9999.0000,-9999.0000,-9999.0000,-9999.0000,-9999.0000,-9999.0000,-9999.0000
2018-09-25,805,-9999.0000,-9999.0000,-9999.0000,-9999.0000,-9999.0000,-9999.0000,-9999.0000,-9999.0000,-9999.0000,-9999.0000,-9999.0000
2018-09-30,805,1466.0000,1272.6486,1249.7296,1515.7455,1621.3307,1792.8750,1929.2500,1883.7127,2064.7500,2450.0678,2123.0000
2018-09-30,805,1464.0000,1272.3520,1249.6478,1515.3843,1621.4181,1792.8333,1925.3562,1883.7500,2061.1250,2459.7749,2132.0833
2018-10-05,805,1566.0000,1342.4369,1293.4654,1481.7283,1577.9871,1765.4771,1913.4628,1811.2249,2028.7500,2226.3743,1947.5573
2018-10-05,805,1566.0000,1342.4501,1293.5411,1485.3936,1577.5455,1765.8750,1913.1713,1811.4783,2029.5000,2227.2232,1947.5038
2018-10-10,805,1536.0000,1322.3959,1281.4359,1515.1296,1589.4545,1780.3846,1947.7143,1843.2602,2075.6635,2466.8462,2108.2500
2018-10-10,805,1541.0000,1322.5804,1281.7419,1515.2744,1593.5000,1778.2500,1946.4545,1843.5263,2074.2469,2466.2500,2107.0000
2018-10-15,805,1618.0000,1384.4800,1333.2114,1565.5704,1641.5000,1859.4782,2044.5556,1891.8735,2179.3333,2515.0667,2115.4545
2018-10-15,805,1618.0000,1384.4583,1333.5000,1565.5556,1641.6000,1858.8851,2042.2713,1891.6374,2188.0703,2507.2432,2115.7463
2018-10-20,805,1676.0000,1436.2854,1362.5128,1549.4828,1625.7273,1867.1805,2043.9482,1931.3186,2179.6923,2476.0000,2115.7692
2018-10-20,805,1673.0000,1436.3636,1361.5592,1549.3893,1625.0000,1868.1139,2042.0027,1931.3954,2179.1781,2475.3421,2123.7000
2018-11-14,805,1669.0000,1314.0000,1097.6970,1105.7241,1201.7500,1403.5833,1530.8750,1430.8729,1601.8364,1574.7064,1198.0936
2018-11-14,805,1668.0000,1314.3446,1101.4790,1101.5084,1201.3120,1403.4286,1522.8786,1447.4541,1602.8333,1572.7573,1197.6357
2018-11-19,805,-9999.0000,-9999.0000,-9999.0000,-9999.0000,-9999.0000,-9999.0000,-9999.0000,-9999.0000,-9999.0000,-9999.0000,-9999.0000
2018-11-19,805,-9999.0000,-9999.0000,-9999.0000,-9999.0000,-9999.0000,-9999.0000,-9999.0000,-9999.0000,-9999.0000,-9999.0000,-9999.0000
2018-12-04,805,-9999.0000,-9999.0000,-9999.0000,-9999.0000,-9999.0000,-9999.0000,-9999.0000,-9999.0000,-9999.0000,-9999.0000,-9999.0000
2018-12-04,805,-9999.0000,-9999.0000,-9999.0000,-9999.0000,-9999.0000,-9999.0000,-9999.0000,-9999.0000,-9999.0000,-9999.0000,-9999.0000
2018-12-19,805,1828.0000,1406.4743,1044.3598,985.5647,1002.2007,1100.1852,1195.3243,1075.0508,1219.4846,1124.0578,813.5119
2018-12-19,805,1829.0000,1406.5076,1044.3225,985.4889,1001.5486,1098.7000,1186.9033,1075.4173,1218.8187,1122.9790,805.2535
2018-12-24,805,-9999.0000,-9999.0000,-9999.0000,-9999.0000,-9999.0000,-9999.0000,-9999.0000,-9999.0000,-9999.0000,-9999.0000,-9999.0000
2018-12-24,805,-9999.0000,-9999.0000,-9999.0000,-9999.0000,-9999.0000,-9999.0000,-9999.0000,-9999.0000,-9999.0000,-9999.0000,-9999.0000
2019-01-18,805,-9999.0000,-9999.0000,-9999.0000,-9999.0000,-9999.0000,-9999.0000,-9999.0000,-9999.0000,-9999.0000,-9999.0000,-9999.0000
2019-01-18,805,-9999.0000,-9999.0000,-9999.0000,-9999.0000,-9999.0000,-9999.0000,-9999.0000,-9999.0000,-9999.0000,-9999.0000,-9999.0000
2019-02-07,805,-9999.0000,-9999.0000,-9999.0000,-9999.0000,-9999.0000,-9999.0000,-9999.0000,-9999.0000,-9999.0000,-9999.0000,-9999.0000
2019-02-27,805,1583.0000,1438.3333,1478.1667,1779.6540,1923.0000,2109.3224,2252.9341,2186.7307,2382.0000,2761.0000,2491.0026
2019-02-27,805,1596.5000,1438.4288,1481.2857,1779.2321,1924.0000,2108.5000,2251.9961,2187.7778,2372.4000,2762.8000,2481.0000
2019-03-19,805,1397.0000,1146.2500,1070.3619,1181.8000,1298.9868,1473.4780,1580.9846,1523.7822,1641.5000,1640.0000,1223.0000
2019-03-19,805,1389.0000,1146.5567,1070.7688,1181.7710,1300.5048,1473.2566,1579.6667,1523.6534,1627.6667,1642.3197,1222.2482
2019-03-29,805,1648.0000,1573.6364,1697.3000,2050.8285,2241.5000,2508.5992,2700.1348,2611.8228,2836.7294,3202.6483,2871.6772
2019-03-29,805,1680.0000,1572.7535,1697.8333,2052.5664,2242.7500,2515.4000,2698.0000,2603.3156,2835.8846,3226.0000,2865.2157
2019-04-08,805,2044.5000,1854.4249,1861.4286,2115.4167,2299.3333,2829.5000,3173.5714,3033.1429,3341.9993,3482.3333,3078.2000
2019-04-08,805,2046.0000,1852.4000,1862.2543,2120.7706,2299.2500,2837.3157,3186.0000,3033.7000,3348.0000,3482.8000,3079.9974
2019-04-13,805,-9999.0000,-9999.0000,-9999.0000,-9999.0000,-9999.0000,-9999.0000,-9999.0000,-9999.0000,-9999.0000,-9999.0000,-9999.0000
2019-04-13,805,-9999.0000,-9999.0000,-9999.0000,-9999.0000,-9999.0000,-9999.0000,-9999.0000,-9999.0000,-9999.0000,-9999.0000,-9999.0000
2019-04-18,805,1780.5000,1737.3684,1905.1429,2411.9115,2585.5000,2896.5000,3138.3741,3058.8571,3331.6667,3674.5785,3319.5185
2019-04-18,805,1786.0000,1737.5833,1907.7688,2411.4286,2587.8763,2907.9031,3154.7756,3059.0000,3332.4000,3660.4000,3302.6250
2019-04-28,805,-9999.0000,-9999.0000,-9999.0000,-9999.0000,-9999.0000,-9999.0000,-9999.0000,-9999.0000,-9999.0000,-9999.0000,-9999.0000
2019-04-28,805,-9999.0000,-9999.0000,-9999.0000,-9999.0000,-9999.0000,-9999.0000,-9999.0000,-9999.0000,-9999.0000,-9999.0000,-9999.0000
2019-05-13,805,1535.0000,1405.3606,1517.1429,1883.0449,2042.6484,2290.1931,2485.3350,2395.3855,2594.0000,2804.7196,2547.8000
2019-05-13,805,1533.0000,1405.4286,1517.0909,1882.8421,2041.0000,2282.2544,2474.6667,2395.4898,2592.5000,2794.0000,2538.6667
2019-05-18,805,1420.0000,1132.0000,1002.0538,1021.0000,1061.0000,1333.5000,1502.0000,1346.7692,1540.5714,1329.0059,1037.1111
2019-05-18,805,1415.0000,1122.0000,980.1939,989.2044,1028.4465,1272.8000,1449.5000,1291.6560,1457.6667,1244.9325,977.3333
2019-06-02,805,1610.0000,1509.6954,1661.4815,2011.1418,2155.5542,2612.4300,2901.4286,2723.7789,3042.2098,3059.7000,2628.1994
2019-06-02,805,1616.5000,1509.7025,1661.4502,2011.3184,2162.3333,2612.5000,2901.0840,2725.5761,3037.4869,3060.5000,2627.5000
2019-06-07,805,1435.0000,1272.4044,1365.4712,1562.9615,1765.0000,2521.0000,2877.4887,2723.8172,3042.0000,2739.0000,2203.0000
2019-06-07,805,1434.0000,1272.4104,1361.0428,1563.9964,1758.8000,2520.0000,2877.6667,2723.2963,3045.4983,2730.5944,2210.7143
2019-06-17,805,1322.0000,1077.6832,1101.6473,971.7538,1284.7235,3281.8000,4028.0000,3834.1111,4250.3333,2210.7987,1345.9421
2019-06-17,805,1319.0000,1077.4152,1101.1582,963.9614,1289.2000,3277.5000,4024.2470,3835.1111,4259.4183,2210.0002,1349.0000
2019-06-22,805,-9999.0000,-9999.0000,-9999.0000,-9999.0000,-9999.0000,-9999.0000,-9999.0000,-9999.0000,-9999.0000,-9999.0000,-9999.0000
2019-06-22,805,-9999.0000,-9999.0000,-9999.0000,-9999.0000,-9999.0000,-9999.0000,-9999.0000,-9999.0000,-9999.0000,-9999.0000,-9999.0000
2019-06-27,805,1191.0000,917.5435,893.6344,626.1211,969.0000,3283.6000,4218.7550,4039.2030,4470.3333,1858.5000,860.3225
2019-06-27,805,1191.0000,917.3073,893.5263,627.3155,973.1117,3300.0000,4204.3333,4040.0147,4459.5000,1869.0000,858.7103
2019-07-02,805,-9999.0000,-9999.0000,-9999.0000,-9999.0000,-9999.0000,-9999.0000,-9999.0000,-9999.0000,-9999.0000,-9999.0000,-9999.0000
2019-07-02,805,-9999.0000,-9999.0000,-9999.0000,-9999.0000,-9999.0000,-9999.0000,-9999.0000,-9999.0000,-9999.0000,-9999.0000,-9999.0000
2019-07-07,805,-9999.0000,-9999.0000,-9999.0000,-9999.0000,-9999.0000,-9999.0000,-9999.0000,-9999.0000,-9999.0000,-9999.0000,-9999.0000
2019-07-07,805,-9999.0000,-9999.0000,-9999.0000,-9999.0000,-9999.0000,-9999.0000,-9999.0000,-9999.0000,-9999.0000,-9999.0000,-9999.0000
2019-07-12,805,-9999.0000,-9999.0000,-9999.0000,-9999.0000,-9999.0000,-9999.0000,-9999.0000,-9999.0000,-9999.0000,-9999.0000,-9999.0000
2019-07-12,805,-9999.0000,-9999.0000,-9999.0000,-9999.0000,-9999.0000,-9999.0000,-9999.0000,-9999.0000,-9999.0000,-9999.0000,-9999.0000
2019-07-17,805,-9999.0000,-9999.0000,-9999.0000,-9999.0000,-9999.0000,-9999.0000,-9999.0000,-9999.0000,-9999.0000,-9999.0000,-9999.0000
2019-07-17,805,-9999.0000,-9999.0000,-9999.0000,-9999.0000,-9999.0000,-9999.0000,-9999.0000,-9999.0000,-9999.0000,-9999.0000,-9999.0000
2019-08-01,805,-9999.0000,-9999.0000,-9999.0000,-9999.0000,-9999.0000,-9999.0000,-9999.0000,-9999.0000,-9999.0000,-9999.0000,-9999.0000
2019-08-01,805,-9999.0000,-9999.0000,-9999.0000,-9999.0000,-9999.0000,-9999.0000,-9999.0000,-9999.0000,-9999.0000,-9999.0000,-9999.0000
2019-08-21,805,1491.0000,1174.5234,1149.4255,777.5326,1289.7217,3771.2047,4668.4972,4476.1168,5020.2000,1793.0000,785.1115
2019-08-21,805,1490.0000,1174.5038,1149.5584,777.5757,1289.3125,3771.1809,4667.0385,4474.8186,5011.7808,1793.6667,785.1315
2019-08-26,805,1500.0000,1202.4706,1165.8101,819.8662,1213.5179,3187.3294,4044.6623,3811.4416,4477.3531,1785.1250,786.6761
2019-08-26,805,1500.0000,1202.6100,1165.5678,819.2511,1209.4780,3181.3333,4043.7092,3819.9070,4484.2857,1785.7778,788.4711
2019-08-31,805,1456.4745,1160.5556,1185.2209,883.1453,1396.9438,3348.5021,4101.4581,3906.9522,4570.3885,2131.7500,1076.0000
2019-08-31,805,1460.7495,1160.6466,1185.8225,882.6072,1389.6000,3356.2356,4103.0000,3909.1773,4570.2225,2130.6921,1067.5989
2019-09-05,805,1591.0000,1272.0000,1176.0000,966.0000,1203.0000,2449.0000,2926.0000,2860.0000,3163.0000,1452.0000,786.0000
2019-09-05,805,1619.0000,1301.0000,1195.0000,980.0000,1324.0000,2615.0000,3056.0000,3004.0000,3314.0000,1672.0000,923.0000
2019-09-10,805,1336.0000,1056.5540,950.5200,945.4989,1184.8660,1610.7027,1875.5000,1884.4359,2211.3715,1861.6364,1241.3477
2019-09-10,805,1336.0000,1056.5161,949.6459,941.8032,1188.6599,1612.1429,1874.8980,1882.8857,2210.8727,1861.2270,1241.6035
2019-09-20,805,1443.0000,1213.3997,1169.6202,1363.5171,1485.2365,1715.7129,1915.6667,1875.2541,2141.1429,2515.4673,2042.8331
2019-09-20,805,1443.0000,1213.4408,1163.5831,1363.2652,1485.6923,1722.8715,1908.2390,1876.1429,2138.9993,2507.1199,2050.9940
2019-10-10,805,1740.0000,1439.0000,1299.0000,1365.0827,1502.0000,1792.0000,1962.6956,1836.0000,2089.8813,1834.6137,1348.2308
2019-10-10,805,1721.0000,1440.0000,1295.0000,1378.3333,1472.0000,1799.0000,1973.0000,1796.0575,2120.2282,1834.1053,1344.5030
2019-11-04,805,-9999.0000,-9999.0000,-9999.0000,-9999.0000,-9999.0000,-9999.0000,-9999.0000,-9999.0000,-9999.0000,-9999.0000,-9999.0000
2019-11-24,805,1835.0000,1466.0000,1182.5842,1145.5111,1200.8451,1357.0028,1474.6371,1355.2428,1508.1408,1355.0775,981.3458
2019-11-24,805,1836.0000,1466.0000,1182.5573,1145.1344,1197.5514,1362.5624,1483.7143,1356.5066,1515.2500,1349.2859,977.7093
2019-11-29,805,1793.0000,1391.0000,1104.4582,1057.4417,1165.5470,1332.2900,1411.6603,1323.4961,1443.1532,1193.5000,857.2495
2019-11-29,805,1793.0000,1392.0000,1104.5361,1057.6360,1165.3735,1331.7708,1411.3052,1323.5609,1441.6542,1193.2222,861.0071
2019-12-04,805,1911.0000,1532.1429,1252.6468,1225.5000,1317.7786,1527.0000,1642.0000,1532.2201,1729.0000,1688.0000,1204.0000
2019-12-04,805,1909.0000,1528.3142,1248.3114,1230.5000,1294.5146,1509.0000,1626.0000,1523.6667,1724.9582,1658.8000,1187.0000
2019-12-14,805,1903.0000,1490.4566,1144.3657,1057.5609,1145.4982,1334.6358,1436.6000,1370.1197,1450.7863,1138.7838,729.4920
2019-12-14,805,1898.0000,1486.5159,1134.4245,1033.8843,1113.0000,1294.2000,1393.5000,1339.7711,1412.4286,1123.4329,706.9401
2019-12-19,805,1869.0000,1456.6325,1158.4822,1113.5965,1225.8568,1490.6667,1628.8438,1483.0911,1691.0850,1380.0875,945.5000
2019-12-19,805,1870.0000,1456.5714,1156.3398,1113.8270,1216.4570,1491.2728,1634.6406,1483.1870,1683.0000,1388.0000,945.9859
2020-01-03,805,-9999.0000,-9999.0000,-9999.0000,-9999.0000,-9999.0000,-9999.0000,-9999.0000,-9999.0000,-9999.0000,-9999.0000,-9999.0000
2020-01-03,805,-9999.0000,-9999.0000,-9999.0000,-9999.0000,-9999.0000,-9999.0000,-9999.0000,-9999.0000,-9999.0000,-9999.0000,-9999.0000
2020-02-07,805,1607.0000,1246.4852,1098.5103,960.5670,1269.3750,1916.1919,2099.5000,2011.5428,2188.1785,1569.8337,981.7500
2020-02-07,805,1608.0000,1246.0000,1098.5169,960.6288,1265.2373,1906.3618,2100.3507,2011.9469,2187.5940,1573.2395,977.8752
2020-02-12,805,-9999.0000,-9999.0000,-9999.0000,-9999.0000,-9999.0000,-9999.0000,-9999.0000,-9999.0000,-9999.0000,-9999.0000,-9999.0000
2020-02-12,805,-9999.0000,-9999.0000,-9999.0000,-9999.0000,-9999.0000,-9999.0000,-9999.0000,-9999.0000,-9999.0000,-9999.0000,-9999.0000
2020-02-17,805,-9999.0000,-9999.0000,-9999.0000,-9999.0000,-9999.0000,-9999.0000,-9999.0000,-9999.0000,-9999.0000,-9999.0000,-9999.0000
2020-02-17,805,-9999.0000,-9999.0000,-9999.0000,-9999.0000,-9999.0000,-9999.0000,-9999.0000,-9999.0000,-9999.0000,-9999.0000,-9999.0000
2020-03-03,805,-9999.0000,-9999.0000,-9999.0000,-9999.0000,-9999.0000,-9999.0000,-9999.0000,-9999.0000,-9999.0000,-9999.0000,-9999.0000
2020-03-03,805,-9999.0000,-9999.0000,-9999.0000,-9999.0000,-9999.0000,-9999.0000,-9999.0000,-9999.0000,-9999.0000,-9999.0000,-9999.0000
2020-03-13,805,-9999.0000,-9999.0000,-9999.0000,-9999.0000,-9999.0000,-9999.0000,-9999.0000,-9999.0000,-9999.0000,-9999.0000,-9999.0000
2020-03-13,805,-9999.0000,-9999.0000,-9999.0000,-9999.0000,-9999.0000,-9999.0000,-9999.0000,-9999.0000,-9999.0000,-9999.0000,-9999.0000
2020-03-18,805,1631.0000,1348.4807,1346.2415,1184.0000,1678.0000,3044.3333,3425.4000,3287.0000,3612.0000,2469.0000,1568.4718
2020-03-18,805,1652.0000,1345.0000,1345.0000,1186.0000,1677.0000,2958.0000,3387.0000,3261.0000,3587.0000,2458.0000,1570.0000
2020-03-23,805,1377.0000,1110.6735,1134.0938,889.1858,1461.5000,3059.5042,3498.3001,3531.9517,3681.9815,2220.1616,1379.6674
2020-03-23,805,1372.0000,1110.5314,1136.3753,893.3314,1460.9671,3052.1283,3492.7059,3531.3760,3681.0000,2213.7702,1385.5000
2020-03-28,805,1589.0000,1300.5266,1254.3649,1086.0742,1576.5460,2987.9873,3475.5666,3363.9343,3708.6354,2323.9059,1419.7518
2020-03-28,805,1582.4096,1300.6055,1254.3179,1084.9584,1581.3921,2995.9700,3475.6667,3363.2442,3707.1796,2323.6624,1418.3414
2020-04-02,805,2027.0000,1588.3144,1401.3561,1181.3528,1610.0000,2960.0000,3425.0000,3421.0000,3689.5000,2204.0000,1297.6667
2020-04-02,805,1977.0000,1546.5000,1393.0000,1177.4000,1605.0000,3012.5000,3496.8290,3497.9708,3799.0000,2278.0000,1364.0000
2020-04-07,805,1445.0000,1153.4956,1118.0898,915.4069,1332.4306,2867.9132,3462.2500,3319.0880,3702.8077,2101.6698,1219.2084
2020-04-07,805,1446.0000,1154.4438,1117.3308,914.9103,1331.8173,2867.8000,3461.5000,3323.0227,3716.0000,2106.6053,1218.7500
2020-04-12,805,1302.0081,1028.4897,1021.3573,785.4897,1219.5245,3002.7460,3754.9240,3738.5076,4066.4088,1986.0000,1099.9225
2020-04-12,805,1298.0000,1026.3132,1021.4710,785.6930,1226.3750,3009.5114,3753.7217,3739.8389,4059.4781,1986.4807,1100.2784
2020-04-17,805,1398.0000,1090.4759,1018.4764,769.1574,1157.6888,2938.1007,3749.0000,3603.4583,4020.1792,1745.0000,934.3333
2020-04-17,805,1399.0000,1090.7624,1018.5538,769.3622,1154.2329,2932.6576,3748.8169,3603.7988,4019.9001,1737.5000,921.5069
2020-04-22,805,1212.0000,932.4778,874.0854,621.6445,990.0000,2842.3333,3787.8005,3820.5483,4083.2857,1580.5000,836.6006
2020-04-22,805,1220.0000,932.5858,877.5003,621.8370,989.2000,2845.7084,3787.0000,3819.5294,4083.2145,1582.0000,833.8000
2020-04-27,805,-9999.0000,-9999.0000,-9999.0000,-9999.0000,-9999.0000,-9999.0000,-9999.0000,-9999.0000,-9999.0000,-9999.0000,-9999.0000
2020-04-27,805,1390.0000,961.5000,810.5000,569.5000,814.0000,2398.0000,3434.0000,3050.0000,3697.0000,1089.0000,564.0000
2020-05-02,805,-9999.0000,-9999.0000,-9999.0000,-9999.0000,-9999.0000,-9999.0000,-9999.0000,-9999.0000,-9999.0000,-9999.0000,-9999.0000
2020-05-02,805,-9999.0000,-9999.0000,-9999.0000,-9999.0000,-9999.0000,-9999.0000,-9999.0000,-9999.0000,-9999.0000,-9999.0000,-9999.0000
2020-05-07,805,1208.0000,874.3782,733.4384,481.3565,739.8351,2453.8626,3490.5859,3395.7208,3685.0000,1076.2375,525.2753
2020-05-07,805,1209.0000,872.4963,733.2342,481.6667,740.0000,2455.0000,3482.3750,3395.0093,3691.7500,1085.3322,524.3750
2020-05-12,805,-9999.0000,-9999.0000,-9999.0000,-9999.0000,-9999.0000,-9999.0000,-9999.0000,-9999.0000,-9999.0000,-9999.0000,-9999.0000
2020-05-12,805,-9999.0000,-9999.0000,-9999.0000,-9999.0000,-9999.0000,-9999.0000,-9999.0000,-9999.0000,-9999.0000,-9999.0000,-9999.0000
2020-05-17,805,1136.0000,801.3890,613.7205,395.2855,531.9637,1571.5000,2307.4970,2164.5868,2424.0000,584.6667,291.0936
2020-05-17,805,1130.0000,801.3482,613.3846,395.2649,531.2000,1576.0000,2338.3518,2150.3333,2485.0000,586.4000,290.2500
2020-05-27,805,1219.0000,892.4243,737.3076,525.4352,707.4318,2209.8333,3453.5000,3355.5705,3772.7905,1051.5556,531.5000
2020-05-27,805,1214.3891,892.6520,737.4251,525.9524,700.4381,2210.1667,3458.0000,3354.9055,3771.0000,1043.3781,523.3819
2020-06-01,805,1208.4960,904.4807,761.2813,546.2862,734.1038,2248.6000,3538.6000,3539.6229,3914.9817,1091.1525,532.9980
2020-06-01,805,1210.0000,904.4980,761.4685,541.8849,733.6098,2249.8000,3523.8571,3538.9924,3914.0000,1089.7500,533.4000
2020-06-06,805,1266.0000,930.0000,770.4444,521.5640,769.0000,2501.6337,3794.9311,3779.6463,4163.3939,989.0000,422.0000
2020-06-06,805,1267.0000,930.0000,770.3298,521.6066,766.5000,2501.2857,3806.0000,3781.1881,4147.0807,990.0000,425.8333
2020-06-21,805,1450.0000,1093.0000,910.3570,620.7414,810.2500,2386.2003,3679.0000,3548.6372,4065.0000,1176.0000,530.0000
2020-06-21,805,1464.5040,1092.0000,908.3355,620.4286,813.4000,2379.9912,3667.0000,3548.7500,4058.3017,1175.0000,525.0000
2020-06-26,805,1227.0000,936.7231,849.5110,635.6391,909.0000,2178.2479,2986.3278,2904.2763,3351.0512,1302.3333,648.0000
2020-06-26,805,1223.0000,938.6544,849.3220,633.6125,909.4658,2179.2506,2999.0509,2907.4837,3347.3831,1309.0000,653.9574
2020-07-06,805,-9999.0000,-9999.0000,-9999.0000,-9999.0000,-9999.0000,-9999.0000,-9999.0000,-9999.0000,-9999.0000,-9999.0000,-9999.0000
2020-07-06,805,-9999.0000,-9999.0000,-9999.0000,-9999.0000,-9999.0000,-9999.0000,-9999.0000,-9999.0000,-9999.0000,-9999.0000,-9999.0000
2020-07-11,805,-9999.0000,-9999.0000,-9999.0000,-9999.0000,-9999.0000,-9999.0000,-9999.0000,-9999.0000,-9999.0000,-9999.0000,-9999.0000
2020-07-11,805,-9999.0000,-9999.0000,-9999.0000,-9999.0000,-9999.0000,-9999.0000,-9999.0000,-9999.0000,-9999.0000,-9999.0000,-9999.0000
2020-07-21,805,1359.0000,1194.6172,1138.6250,1321.6486,1460.9549,1684.3305,1896.8644,1931.7295,2184.9240,2378.2716,1598.5000
2020-07-21,805,1361.0000,1194.4112,1137.4766,1321.8060,1452.9118,1684.1110,1896.7929,1931.5061,2199.3932,2378.1422,1601.4000
2020-07-26,805,1663.0000,1448.4343,1334.3333,1477.5000,1589.3865,1893.8571,2152.2500,2105.9551,2450.4934,2400.5000,1529.0000
2020-07-26,805,1658.0000,1444.3078,1320.6678,1449.4000,1565.0000,1864.2677,2148.5000,2088.4810,2406.9729,2409.4757,1525.0000
2020-07-31,805,1380.0000,1333.4174,1417.4313,1891.0789,2049.8051,2346.7301,2690.7004,2739.2920,3196.9091,4067.9010,2595.6271
2020-07-31,805,1377.0000,1329.3803,1417.1659,1891.9121,2052.0000,2345.8333,2691.4948,2732.2878,3188.1599,4067.6024,2595.9474
2020-08-05,805,1424.0000,1361.2618,1453.4247,1963.7568,2148.0727,2467.4444,2819.0000,2803.5833,3305.9967,4107.7778,2572.7493
2020-08-05,805,1429.0000,1361.4510,1449.5020,1963.8764,2147.5556,2465.2000,2820.3519,2803.2237,3307.4941,4107.6038,2579.5649
2020-08-10,805,1504.0000,1394.3816,1433.4830,1851.9756,1953.8797,2277.6083,2653.7143,2588.2544,3090.2067,3722.6668,2357.0002
2020-08-10,805,1504.0000,1396.3588,1433.5486,1851.0388,1953.7143,2285.9653,2649.3854,2586.9094,3099.4167,3724.6193,2355.9454
2020-08-15,805,-9999.0000,-9999.0000,-9999.0000,-9999.0000,-9999.0000,-9999.0000,-9999.0000,-9999.0000,-9999.0000,-9999.0000,-9999.0000
2020-08-15,805,-9999.0000,-9999.0000,-9999.0000,-9999.0000,-9999.0000,-9999.0000,-9999.0000,-9999.0000,-9999.0000,-9999.0000,-9999.0000
2020-08-20,805,-9999.0000,-9999.0000,-9999.0000,-9999.0000,-9999.0000,-9999.0000,-9999.0000,-9999.0000,-9999.0000,-9999.0000,-9999.0000
2020-08-20,805,-9999.0000,-9999.0000,-9999.0000,-9999.0000,-9999.0000,-9999.0000,-9999.0000,-9999.0000,-9999.0000,-9999.0000,-9999.0000
2020-08-30,805,1832.4359,1677.6788,1709.5357,2139.6564,2237.0000,2514.8333,2810.8333,2715.0572,3081.8390,3562.6526,2859.8750
2020-08-30,805,1831.0000,1677.4497,1709.5043,2138.7150,2236.9930,2514.7682,2804.0000,2715.6292,3074.8279,3574.5741,2866.9091
2020-09-14,805,1670.0000,1488.4212,1493.4012,1801.7996,1921.1436,2189.3071,2420.5902,2309.4909,2637.5056,3051.6518,2443.1753
2020-09-14,805,1673.0000,1488.5685,1493.3700,1801.5200,1921.5627,2189.6154,2421.0000,2306.9085,2637.6667,3052.7621,2443.6808
2020-09-19,805,1602.0000,1446.5313,1457.7657,1763.4029,1849.2222,2109.3333,2333.0909,2251.2993,2541.2937,2949.1667,2348.8750
2020-09-19,805,1601.0000,1446.4597,1457.3723,1764.4020,1853.5642,2109.1666,2333.2661,2251.6562,2542.0131,2957.7500,2349.6000
2020-10-04,805,-9999.0000,-9999.0000,-9999.0000,-9999.0000,-9999.0000,-9999.0000,-9999.0000,-9999.0000,-9999.0000,-9999.0000,-9999.0000
2020-10-04,805,-9999.0000,-9999.0000,-9999.0000,-9999.0000,-9999.0000,-9999.0000,-9999.0000,-9999.0000,-9999.0000,-9999.0000,-9999.0000
2020-10-19,805,-9999.0000,-9999.0000,-9999.0000,-9999.0000,-9999.0000,-9999.0000,-9999.0000,-9999.0000,-9999.0000,-9999.0000,-9999.0000
2020-10-19,805,-9999.0000,-9999.0000,-9999.0000,-9999.0000,-9999.0000,-9999.0000,-9999.0000,-9999.0000,-9999.0000,-9999.0000,-9999.0000
2020-11-03,805,-9999.0000,-9999.0000,-9999.0000,-9999.0000,-9999.0000,-9999.0000,-9999.0000,-9999.0000,-9999.0000,-9999.0000,-9999.0000
2020-11-03,805,-9999.0000,-9999.0000,-9999.0000,-9999.0000,-9999.0000,-9999.0000,-9999.0000,-9999.0000,-9999.0000,-9999.0000,-9999.0000
2020-11-08,805,-9999.0000,-9999.0000,-9999.0000,-9999.0000,-9999.0000,-9999.0000,-9999.0000,-9999.0000,-9999.0000,-9999.0000,-9999.0000
2020-11-08,805,-9999.0000,-9999.0000,-9999.0000,-9999.0000,-9999.0000,-9999.0000,-9999.0000,-9999.0000,-9999.0000,-9999.0000,-9999.0000
2020-11-18,805,1577.0000,1220.4551,1181.6163,657.5546,1294.0000,3524.0000,4090.2500,3861.6632,4343.2601,1620.0432,645.3801
2020-11-18,805,1575.0000,1220.7125,1181.4830,657.6568,1293.4163,3543.1932,4089.5798,3864.5380,4361.0339,1626.3202,645.4731
2020-11-23,805,2050.0000,1636.0000,1466.5407,1046.5716,1689.2244,3724.0000,4185.7585,3992.7057,4409.5272,1697.5382,880.5556
2020-11-23,805,2049.0000,1636.0000,1466.5090,1046.5868,1689.4000,3702.1660,4170.2820,3989.3451,4389.2551,1693.2410,880.5674
2020-11-28,805,-9999.0000,-9999.0000,-9999.0000,-9999.0000,-9999.0000,-9999.0000,-9999.0000,-9999.0000,-9999.0000,-9999.0000,-9999.0000
2020-11-28,805,-9999.0000,-9999.0000,-9999.0000,-9999.0000,-9999.0000,-9999.0000,-9999.0000,-9999.0000,-9999.0000,-9999.0000,-9999.0000
2020-12-13,805,1864.0000,1428.4449,1300.5784,765.4577,1485.3750,3558.1680,4008.4712,3800.0992,4313.5640,1507.1126,625.8331
2020-12-13,805,1860.0000,1429.0000,1297.5710,765.3863,1485.7355,3559.8548,3992.8606,3799.4470,4277.5221,1507.0982,625.8149
2020-12-18,805,1756.0000,1356.5229,1224.3532,725.5236,1377.7554,3321.5262,3793.7542,3640.1557,4069.5000,1338.0718,537.3747
2020-12-18,805,1756.0000,1357.0000,1224.5580,724.2719,1373.3828,3321.5663,3798.3275,3639.3061,4066.8965,1348.7296,537.4937
2021-02-11,805,1786.6481,1436.5450,1264.5293,1064.3611,1649.4687,2572.7000,2867.0042,2907.2318,3173.9775,1923.7986,1185.4000
2021-02-11,805,1792.0000,1436.5673,1264.3164,1064.3901,1649.7679,2563.3443,2860.8188,2907.8564,3171.8286,1914.4256,1189.2500
2021-02-21,805,1547.0000,1318.4083,1229.3451,1489.6316,1730.8910,2026.9035,2284.3750,2276.5000,2587.4056,2467.5718,1629.6000
2021-02-21,805,1545.0000,1320.3659,1229.7552,1489.8066,1729.0415,2028.2366,2284.2616,2274.8219,2596.2556,2460.2845,1629.6466
2021-02-26,805,-9999.0000,-9999.0000,-9999.0000,-9999.0000,-9999.0000,-9999.0000,-9999.0000,-9999.0000,-9999.0000,-9999.0000,-9999.0000
2021-02-26,805,-9999.0000,-9999.0000,-9999.0000,-9999.0000,-9999.0000,-9999.0000,-9999.0000,-9999.0000,-9999.0000,-9999.0000,-9999.0000
2021-03-03,805,1851.0000,1604.0000,1458.0000,1552.5964,1742.4145,2125.1000,2350.0000,2261.0769,2549.0000,2353.0000,1649.3135
2021-03-03,805,1851.0000,1604.0000,1458.0000,1552.5428,1744.2526,2121.1111,2349.6664,2261.7333,2549.3650,2352.9001,1653.7040
2021-03-23,805,1844.5000,1497.9078,1377.4764,1388.9515,1681.0000,2243.0000,2509.6699,2396.8627,2685.5000,2611.0000,1949.4942
2021-03-23,805,1820.0000,1493.6088,1365.3974,1377.1667,1656.8362,2218.0000,2486.0000,2362.1250,2666.5000,2596.0000,1958.0000
2021-03-28,805,-9999.0000,-9999.0000,-9999.0000,-9999.0000,-9999.0000,-9999.0000,-9999.0000,-9999.0000,-9999.0000,-9999.0000,-9999.0000
2021-03-28,805,-9999.0000,-9999.0000,-9999.0000,-9999.0000,-9999.0000,-9999.0000,-9999.0000,-9999.0000,-9999.0000,-9999.0000,-9999.0000
2021-04-12,805,-9999.0000,-9999.0000,-9999.0000,-9999.0000,-9999.0000,-9999.0000,-9999.0000,-9999.0000,-9999.0000,-9999.0000,-9999.0000
2021-04-12,805,-9999.0000,-9999.0000,-9999.0000,-9999.0000,-9999.0000,-9999.0000,-9999.0000,-9999.0000,-9999.0000,-9999.0000,-9999.0000
2021-04-17,805,1562.0000,1262.0000,1065.0000,1005.4650,1126.9888,1409.5000,1555.2165,1525.3333,1641.5525,1638.0147,1061.0000
2021-04-17,805,1551.0000,1245.0000,1034.4000,954.4588,1085.3717,1316.7500,1445.5000,1432.0000,1450.2500,1433.6667,905.1596
2021-04-22,805,-9999.0000,-9999.0000,-9999.0000,-9999.0000,-9999.0000,-9999.0000,-9999.0000,-9999.0000,-9999.0000,-9999.0000,-9999.0000
2021-04-22,805,-9999.0000,-9999.0000,-9999.0000,-9999.0000,-9999.0000,-9999.0000,-9999.0000,-9999.0000,-9999.0000,-9999.0000,-9999.0000
2021-04-27,805,1562.3531,1390.5808,1398.6250,1665.2857,1825.4254,2200.8575,2444.3813,2410.9083,2603.8589,2675.5000,2394.2744
2021-04-27,805,1560.0000,1390.4576,1396.5508,1665.2222,1825.4000,2201.4911,2443.5698,2409.0770,2603.9506,2674.0000,2395.4116
2021-05-07,805,1524.0000,1248.5641,1138.5652,1313.7429,1438.0114,1691.7451,1880.4211,1847.4870,2006.8409,2149.4687,1754.6667
2021-05-07,805,1530.0000,1248.4830,1138.4717,1313.6686,1438.5787,1690.4601,1879.2716,1848.1970,1990.8799,2141.3333,1756.4000
2021-05-12,805,1716.0000,1537.6869,1597.8044,1963.4373,2116.0586,2437.0936,2698.3841,2587.4336,2875.1171,3139.1617,2723.1158
2021-05-12,805,1719.0000,1541.5140,1597.4561,1963.5757,2115.5308,2441.5726,2699.1000,2587.3340,2874.9286,3130.8461,2724.8498
2021-06-01,805,1545.0000,1429.7104,1565.0690,1923.3927,2106.8398,2481.4033,2715.7517,2610.7552,2859.7778,3037.3210,2659.9916
2021-06-01,805,1547.0000,1429.6291,1565.7221,1922.8312,2107.1571,2481.3333,2716.0722,2610.5983,2865.8501,3027.4896,2664.0519
2021-06-11,805,-9999.0000,-9999.0000,-9999.0000,-9999.0000,-9999.0000,-9999.0000,-9999.0000,-9999.0000,-9999.0000,-9999.0000,-9999.0000
2021-06-11,805,-9999.0000,-9999.0000,-9999.0000,-9999.0000,-9999.0000,-9999.0000,-9999.0000,-9999.0000,-9999.0000,-9999.0000,-9999.0000
2021-06-16,805,1683.0000,1486.4728,1516.4859,1401.1916,1726.3333,2982.0000,3521.9106,3309.2000,3753.7584,2221.7031,1517.6667
2021-06-16,805,1686.0000,1486.5761,1516.6232,1401.1752,1728.6073,2986.0000,3522.0606,3309.5800,3753.0000,2216.9980,1520.7500
2021-06-26,805,1333.0000,1062.3139,1100.5862,725.4744,1228.4286,3304.9515,3933.5000,3748.2287,4138.0000,1540.6667,741.0000
2021-06-26,805,1334.0000,1062.5411,1100.6693,725.9375,1229.3745,3307.5000,3941.0000,3748.0872,4140.0748,1540.0000,737.4000
2021-07-06,805,-9999.0000,-9999.0000,-9999.0000,-9999.0000,-9999.0000,-9999.0000,-9999.0000,-9999.0000,-9999.0000,-9999.0000,-9999.0000
2021-07-06,805,-9999.0000,-9999.0000,-9999.0000,-9999.0000,-9999.0000,-9999.0000,-9999.0000,-9999.0000,-9999.0000,-9999.0000,-9999.0000
2021-07-11,805,-9999.0000,-9999.0000,-9999.0000,-9999.0000,-9999.0000,-9999.0000,-9999.0000,-9999.0000,-9999.0000,-9999.0000,-9999.0000
2021-07-21,805,1320.0000,1034.0000,1034.4200,625.4395,1148.5000,3898.6667,4906.9262,4651.6087,5140.5000,1529.6364,617.3636
2021-07-21,805,1320.0000,1034.3978,1034.5136,625.3793,1148.6250,3907.1667,4892.7333,4651.3846,5150.0000,1529.5987,617.7451
2021-07-31,805,-9999.0000,-9999.0000,-9999.0000,-9999.0000,-9999.0000,-9999.0000,-9999.0000,-9999.0000,-9999.0000,-9999.0000,-9999.0000
2021-08-05,805,-9999.0000,-9999.0000,-9999.0000,-9999.0000,-9999.0000,-9999.0000,-9999.0000,-9999.0000,-9999.0000,-9999.0000,-9999.0000
2021-08-05,805,-9999.0000,-9999.0000,-9999.0000,-9999.0000,-9999.0000,-9999.0000,-9999.0000,-9999.0000,-9999.0000,-9999.0000,-9999.0000
2021-08-10,805,-9999.0000,-9999.0000,-9999.0000,-9999.0000,-9999.0000,-9999.0000,-9999.0000,-9999.0000,-9999.0000,-9999.0000,-9999.0000
2021-08-10,805,-9999.0000,-9999.0000,-9999.0000,-9999.0000,-9999.0000,-9999.0000,-9999.0000,-9999.0000,-9999.0000,-9999.0000,-9999.0000
2021-08-15,805,1342.0000,1054.4570,1065.5856,643.7970,1131.9926,4243.7419,5591.4734,5351.0921,5908.0000,1655.4693,682.7456
2021-08-20,805,-9999.0000,-9999.0000,-9999.0000,-9999.0000,-9999.0000,-9999.0000,-9999.0000,-9999.0000,-9999.0000,-9999.0000,-9999.0000
2021-08-20,805,-9999.0000,-9999.0000,-9999.0000,-9999.0000,-9999.0000,-9999.0000,-9999.0000,-9999.0000,-9999.0000,-9999.0000,-9999.0000
2021-08-25,805,1271.0000,966.4545,930.6484,529.5299,956.8862,3691.3047,4791.0000,4584.7360,5083.6667,1290.9048,483.3548
2021-08-25,805,1270.0000,966.5003,930.5003,529.4561,957.6277,3689.4286,4776.5882,4584.6210,5092.7143,1291.3479,490.7097
2021-09-04,805,1377.0000,1054.5457,982.4471,589.5474,985.2027,3467.4000,4459.3333,4263.9818,4746.9937,1220.0304,459.0817
2021-09-04,805,1373.0000,1054.3601,984.4754,589.3292,985.4526,3459.7272,4468.5714,4259.7083,4755.2000,1219.8114,459.8596
2021-09-09,805,1789.0000,1249.0000,1147.0000,949.0000,1315.0000,3298.0000,4235.0000,3923.0000,4619.0000,1770.0000,942.0000
2021-09-09,805,1763.0000,1245.0000,1128.0000,941.0000,1244.0000,3260.0000,4192.0000,3870.0000,4535.0000,1732.0000,916.0000
2021-09-19,805,1286.4991,954.4275,889.4865,493.6434,941.9056,3459.9791,4345.3333,4104.1077,4617.0543,1170.9656,475.7726
2021-09-19,805,1288.0000,954.4211,890.4940,493.5345,940.4999,3459.6695,4359.9760,4103.6337,4617.7004,1171.5742,475.9618
2021-09-24,805,-9999.0000,-9999.0000,-9999.0000,-9999.0000,-9999.0000,-9999.0000,-9999.0000,-9999.0000,-9999.0000,-9999.0000,-9999.0000
2021-09-24,805,-9999.0000,-9999.0000,-9999.0000,-9999.0000,-9999.0000,-9999.0000,-9999.0000,-9999.0000,-9999.0000,-9999.0000,-9999.0000
2021-10-09,805,1362.0000,1018.4790,924.6080,557.7214,1034.0990,3116.8665,3788.9725,3703.3260,4105.4782,1162.8000,507.4304
2021-10-09,805,1361.0000,1016.5491,922.4067,557.4032,1034.3333,3114.1217,3804.5744,3703.8534,4107.3333,1163.2500,507.0000
2021-10-24,805,1336.0000,980.3656,858.4814,517.3756,965.0592,2769.6948,3324.0561,3351.7931,3689.4470,1077.0058,469.0000
2021-10-24,805,1335.0000,980.4805,858.5161,514.5106,961.3084,2764.0000,3338.5045,3367.1300,3687.3333,1077.5714,469.3751
2021-11-18,805,1704.0000,1317.0000,1092.6205,997.4092,1157.6348,1476.4280,1627.2222,1499.6113,1756.5000,1184.8219,769.4167
2021-11-23,805,-9999.0000,-9999.0000,-9999.0000,-9999.0000,-9999.0000,-9999.0000,-9999.0000,-9999.0000,-9999.0000,-9999.0000,-9999.0000
2021-11-23,805,-9999.0000,-9999.0000,-9999.0000,-9999.0000,-9999.0000,-9999.0000,-9999.0000,-9999.0000,-9999.0000,-9999.0000,-9999.0000
2021-11-28,805,-9999.0000,-9999.0000,-9999.0000,-9999.0000,-9999.0000,-9999.0000,-9999.0000,-9999.0000,-9999.0000,-9999.0000,-9999.0000
2021-11-28,805,-9999.0000,-9999.0000,-9999.0000,-9999.0000,-9999.0000,-9999.0000,-9999.0000,-9999.0000,-9999.0000,-9999.0000,-9999.0000
2022-01-02,805,-9999.0000,-9999.0000,-9999.0000,-9999.0000,-9999.0000,-9999.0000,-9999.0000,-9999.0000,-9999.0000,-9999.0000,-9999.0000
2022-01-02,805,-9999.0000,-9999.0000,-9999.0000,-9999.0000,-9999.0000,-9999.0000,-9999.0000,-9999.0000,-9999.0000,-9999.0000,-9999.0000
2022-01-07,805,-9999.0000,-9999.0000,-9999.0000,-9999.0000,-9999.0000,-9999.0000,-9999.0000,-9999.0000,-9999.0000,-9999.0000,-9999.0000
2022-02-11,805,1721.0000,1351.0000,1086.8000,1126.5000,1203.0000,1333.0000,1401.0000,1336.5000,1413.0000,1237.7778,852.9774
2022-02-11,805,1719.0000,1360.0000,1104.0000,1150.0000,1251.0000,1377.2308,1441.0000,1393.0000,1483.8000,1290.1111,913.0000
2022-02-11,805,1721.0000,1349.0000,1086.0000,1134.2687,1212.0000,1337.0000,1402.5000,1334.2469,1437.5000,1217.1677,875.0000
2022-02-11,805,1715.0000,1360.0000,1110.0000,1162.5000,1246.0000,1369.0000,1440.0000,1385.7432,1488.0000,1311.0000,928.0000
2022-02-26,805,-9999.0000,-9999.0000,-9999.0000,-9999.0000,-9999.0000,-9999.0000,-9999.0000,-9999.0000,-9999.0000,-9999.0000,-9999.0000
2022-02-26,805,-9999.0000,-9999.0000,-9999.0000,-9999.0000,-9999.0000,-9999.0000,-9999.0000,-9999.0000,-9999.0000,-9999.0000,-9999.0000
2022-03-03,805,1623.0000,1412.1997,1393.5533,1661.3750,1817.5799,1984.6475,2106.6667,2075.2544,2203.2882,2532.3036,2285.9424
2022-03-03,805,1619.0000,1414.4628,1393.8071,1661.2539,1818.8180,1979.9907,2097.6547,2074.8568,2203.2509,2507.4959,2267.1848
2022-03-08,805,1754.0000,1589.6124,1665.7893,2042.7009,2227.8333,2402.8951,2564.1083,2491.9024,2692.6510,3092.0000,2870.5000
2022-03-08,805,1740.0000,1589.4551,1665.9592,2042.6797,2238.0000,2412.6667,2564.3098,2499.4444,2689.8870,3091.6000,2887.1187
2022-03-13,805,1774.0000,1641.1113,1705.6831,2115.9825,2251.4877,2475.0026,2637.4000,2540.6875,2773.4000,3223.1713,2964.7438
2022-03-13,805,1775.0000,1641.5652,1705.4282,2114.0000,2254.0000,2460.3032,2635.3250,2539.0181,2781.0534,3226.3333,2968.0000
2022-03-18,805,1745.0000,1609.9463,1692.7051,2123.1895,2300.6950,2506.9256,2658.3333,2588.3246,2765.1341,3171.3791,2951.8352
2022-03-18,805,1741.0000,1605.3512,1693.9330,2122.9635,2309.5580,2491.1729,2659.2796,2595.3856,2757.0768,3163.0000,2948.6575
2022-03-23,805,1798.5000,1669.6953,1737.5272,2138.5108,2300.2000,2546.4000,2725.2000,2643.9167,2845.1377,3225.0000,2998.8519
2022-03-23,805,1793.0000,1665.8372,1733.2414,2139.8276,2301.0000,2540.6635,2708.0000,2643.7474,2850.0000,3220.2500,2993.0230
2022-03-28,805,1820.0000,1693.1320,1769.0331,2147.0003,2316.9995,2622.5425,2820.0698,2699.4669,2946.0646,3227.3333,2952.6674
2022-03-28,805,1816.0000,1694.4003,1773.2351,2147.4890,2307.7814,2619.3656,2818.5000,2700.3355,2947.3686,3236.0000,2969.4114
2022-04-17,805,1743.0000,1665.0909,1826.6429,2267.4444,2473.3333,2748.4000,2930.6000,2867.7776,3065.5000,3371.0000,3097.3900
2022-04-17,805,1727.0000,1665.5000,1826.4000,2274.7273,2476.6667,2737.6667,2941.6406,2867.6154,3075.4000,3368.2000,3079.7500
2022-04-22,805,2237.0000,2068.0000,2141.0000,2522.0000,2680.6667,3181.6286,3561.0000,3418.9043,3730.0000,3742.0000,3378.0000
2022-04-22,805,-9999.0000,-9999.0000,-9999.0000,-9999.0000,-9999.0000,-9999.0000,-9999.0000,-9999.0000,-9999.0000,-9999.0000,-9999.0000
2022-04-27,805,1577.0000,1353.0000,1247.0000,1267.0000,1460.0000,1787.0000,2027.0000,1785.0000,2023.0000,1589.0000,1243.0000
2022-04-27,805,1521.0000,1311.0000,1187.0000,1143.0000,1188.0000,1535.0000,1673.0000,1598.0000,1696.0000,1146.0000,859.0000
2022-05-02,805,1597.0000,1394.4522,1412.3735,1653.4447,1789.0000,2202.2000,2465.3956,2347.1440,2577.0612,2729.5714,2507.5666
2022-05-02,805,1599.0000,1394.4905,1412.3197,1653.6000,1784.4000,2202.3303,2469.2859,2347.9408,2582.0000,2730.3333,2507.7000
2022-05-07,805,-9999.0000,-9999.0000,-9999.0000,-9999.0000,-9999.0000,-9999.0000,-9999.0000,-9999.0000,-9999.0000,-9999.0000,-9999.0000
2022-05-22,805,1574.0000,1444.6047,1537.6305,1891.9697,2009.7500,2341.2000,2586.5556,2467.8449,2739.6353,2897.4310,2611.9778
2022-05-22,805,1570.0000,1445.5560,1537.3937,1891.5713,2009.1312,2337.6524,2581.1250,2475.0443,2741.6692,2897.0000,2612.0653
2022-05-27,805,-9999.0000,-9999.0000,-9999.0000,-9999.0000,-9999.0000,-9999.0000,-9999.0000,-9999.0000,-9999.0000,-9999.0000,-9999.0000
2022-05-27,805,-9999.0000,-9999.0000,-9999.0000,-9999.0000,-9999.0000,-9999.0000,-9999.0000,-9999.0000,-9999.0000,-9999.0000,-9999.0000
2022-06-01,805,1688.0000,1482.6250,1545.4094,1796.4056,2010.4000,2748.4000,3075.4859,2939.6457,3269.5000,2902.0000,2377.1827
2022-06-01,805,1692.0000,1488.1651,1558.0000,1828.0000,2043.0000,2770.5000,3107.2076,2971.8858,3291.5000,2977.0000,2429.9018
2022-06-06,805,1353.0000,1054.0000,1002.5199,905.1664,1158.5015,2205.4000,2506.3737,2347.1872,2621.0525,1681.4395,1077.0000
2022-06-06,805,1352.0000,1054.0000,1002.4251,905.7897,1156.3419,2209.8333,2507.7971,2348.2941,2611.3000,1685.7499,1073.0619
2022-06-11,805,-9999.0000,-9999.0000,-9999.0000,-9999.0000,-9999.0000,-9999.0000,-9999.0000,-9999.0000,-9999.0000,-9999.0000,-9999.0000
2022-06-11,805,-9999.0000,-9999.0000,-9999.0000,-9999.0000,-9999.0000,-9999.0000,-9999.0000,-9999.0000,-9999.0000,-9999.0000,-9999.0000
2022-06-16,805,1251.0000,989.7329,989.5521,842.8225,1188.6817,3157.7500,3844.0000,3644.0003,4019.3110,2005.5000,1205.2404
2022-06-16,805,1246.0000,985.3574,989.2917,843.1748,1189.5292,3157.3333,3842.3262,3643.2727,4028.1454,2000.8000,1195.9356
2022-07-01,805,-9999.0000,-9999.0000,-9999.0000,-9999.0000,-9999.0000,-9999.0000,-9999.0000,-9999.0000,-9999.0000,-9999.0000,-9999.0000
2022-07-01,805,-9999.0000,-9999.0000,-9999.0000,-9999.0000,-9999.0000,-9999.0000,-9999.0000,-9999.0000,-9999.0000,-9999.0000,-9999.0000
2022-07-16,805,-9999.0000,-9999.0000,-9999.0000,-9999.0000,-9999.0000,-9999.0000,-9999.0000,-9999.0000,-9999.0000,-9999.0000,-9999.0000
2022-07-16,805,-9999.0000,-9999.0000,-9999.0000,-9999.0000,-9999.0000,-9999.0000,-9999.0000,-9999.0000,-9999.0000,-9999.0000,-9999.0000
2022-07-31,805,-9999.0000,-9999.0000,-9999.0000,-9999.0000,-9999.0000,-9999.0000,-9999.0000,-9999.0000,-9999.0000,-9999.0000,-9999.0000
2022-07-31,805,-9999.0000,-9999.0000,-9999.0000,-9999.0000,-9999.0000,-9999.0000,-9999.0000,-9999.0000,-9999.0000,-9999.0000,-9999.0000
2022-08-10,805,1264.0000,977.7663,965.7267,635.4077,1029.8571,3571.0000,4665.2214,4504.1318,5061.2857,1769.1871,777.9394
2022-08-10,805,1267.0000,977.6661,961.6062,635.6348,1029.4398,3578.2000,4681.3481,4502.7000,5065.6912,1770.5873,778.3962
2022-08-20,805,-9999.0000,-9999.0000,-9999.0000,-9999.0000,-9999.0000,-9999.0000,-9999.0000,-9999.0000,-9999.0000,-9999.0000,-9999.0000
2022-08-20,805,-9999.0000,-9999.0000,-9999.0000,-9999.0000,-9999.0000,-9999.0000,-9999.0000,-9999.0000,-9999.0000,-9999.0000,-9999.0000
2022-08-25,805,1232.0000,946.4318,985.7889,611.8215,1145.7252,3492.7757,4348.0000,4103.1807,4679.2641,1705.2500,747.2107
2022-08-25,805,1236.0000,946.6768,985.2925,612.0411,1141.7143,3500.1819,4366.0000,4120.3323,4682.8117,1705.1250,740.5263
2022-09-04,805,1568.0000,1244.4901,1289.7873,981.1111,1546.0000,3848.1649,4742.6417,4518.7000,5197.0000,2235.8571,1149.3333
2022-09-04,805,1563.0000,1240.1667,1286.5229,973.3992,1541.6587,3893.4000,4815.0000,4564.3000,5242.6667,2226.4000,1143.0000
2022-09-19,805,-9999.0000,-9999.0000,-9999.0000,-9999.0000,-9999.0000,-9999.0000,-9999.0000,-9999.0000,-9999.0000,-9999.0000,-9999.0000
2022-09-19,805,-9999.0000,-9999.0000,-9999.0000,-9999.0000,-9999.0000,-9999.0000,-9999.0000,-9999.0000,-9999.0000,-9999.0000,-9999.0000
2022-09-29,805,-9999.0000,-9999.0000,-9999.0000,-9999.0000,-9999.0000,-9999.0000,-9999.0000,-9999.0000,-9999.0000,-9999.0000,-9999.0000
2022-09-29,805,-9999.0000,-9999.0000,-9999.0000,-9999.0000,-9999.0000,-9999.0000,-9999.0000,-9999.0000,-9999.0000,-9999.0000,-9999.0000
2022-10-04,805,1407.0000,1144.4070,1077.4741,1178.2222,1301.2824,1484.4364,1625.2084,1515.2024,1736.3015,1884.7276,1565.0000
2022-10-04,805,1400.0000,1144.5187,1077.7014,1178.1244,1302.1089,1485.6788,1625.0310,1515.6877,1733.3165,1883.0712,1563.6973
2022-10-09,805,1543.0000,1321.4506,1293.7222,1555.1131,1661.7697,1851.0000,1986.3995,1912.1716,2116.1702,2435.4612,2162.3333
2022-10-09,805,1537.0000,1321.2378,1297.3932,1555.8636,1661.6667,1843.7500,1988.5000,1926.7367,2121.9091,2445.5062,2172.5120
2022-10-24,805,1798.5000,1438.4944,1281.4126,1377.4730,1457.0000,1723.0907,1898.7526,1691.8764,2009.0908,2062.5692,1642.2566
2022-10-24,805,1801.0000,1438.4444,1281.1577,1385.6371,1465.0023,1713.2036,1894.3332,1687.4840,2008.5000,2070.6065,1659.4315
2022-11-13,805,1557.0000,1190.7209,1026.6268,933.2603,1182.0000,1692.2679,1868.4115,1750.6699,1939.5000,1682.8799,1251.6543
2022-11-13,805,1557.0000,1190.3188,1025.6179,933.2638,1181.3333,1690.3298,1868.2500,1750.9893,1941.5842,1683.2500,1250.1529
2022-11-18,805,1558.0000,1206.4825,1037.2925,905.4891,1153.5609,1875.5000,2114.7305,1975.7050,2211.3443,1547.0530,973.5711
2022-11-18,805,1557.0000,1206.5649,1037.7502,905.6407,1150.1014,1867.5033,2107.4941,1975.7044,2218.7080,1547.9716,969.3227
2022-11-23,805,1661.0000,1250.0000,1020.5999,806.4623,1093.4300,1851.0040,2044.0000,1911.6747,2107.9260,1411.9960,868.6859
2022-11-23,805,1659.0000,1251.0000,1018.5247,808.6497,1093.2353,1851.6620,2051.1452,1911.4106,2123.3074,1411.2040,869.1099
2022-12-13,805,1977.0000,1554.5717,1194.5712,1032.5157,1221.6667,1723.1311,1860.5588,1763.4517,1884.0372,525.3333,440.5385
2022-12-13,805,1983.0000,1554.4295,1194.4949,1030.6369,1221.6888,1724.0000,1859.5641,1763.2930,1882.8333,525.6923,438.7085
2023-01-17,805,1912.0000,1604.0000,1284.7500,1009.0000,1437.0000,2795.5000,3235.0000,3210.6000,3395.0000,1671.0000,924.2000
2023-01-17,805,1916.0000,1619.0000,1300.5000,1024.6381,1449.0000,2866.0000,3279.0000,3266.8965,3458.3333,1689.6160,928.8333
2023-02-06,805,-9999.0000,-9999.0000,-9999.0000,-9999.0000,-9999.0000,-9999.0000,-9999.0000,-9999.0000,-9999.0000,-9999.0000,-9999.0000
2023-02-06,805,-9999.0000,-9999.0000,-9999.0000,-9999.0000,-9999.0000,-9999.0000,-9999.0000,-9999.0000,-9999.0000,-9999.0000,-9999.0000
2023-02-21,805,-9999.0000,-9999.0000,-9999.0000,-9999.0000,-9999.0000,-9999.0000,-9999.0000,-9999.0000,-9999.0000,-9999.0000,-9999.0000
2023-02-21,805,-9999.0000,-9999.0000,-9999.0000,-9999.0000,-9999.0000,-9999.0000,-9999.0000,-9999.0000,-9999.0000,-9999.0000,-9999.0000
2023-02-26,805,1603.0000,1190.0000,1049.0000,731.0000,1243.0000,3153.0000,3767.0000,3828.0000,4024.0000,1827.0000,1010.0000
2023-02-26,805,1668.0000,1187.0000,1043.0000,718.0000,1231.0000,3212.0000,3844.0000,3836.0000,4117.0000,1944.0000,1026.0000
2023-03-18,805,1349.0000,999.0000,854.4000,558.7152,901.0000,2446.0974,3012.0000,2921.7987,3174.0000,1344.0000,569.8333
2023-03-18,805,1341.0000,996.0000,848.6387,552.6667,891.0000,2387.3964,2966.8674,2870.2553,3140.5000,1317.5000,558.0000
2023-04-17,805,1804.0000,1346.0000,1063.0000,765.0000,952.0000,2667.0000,3784.0000,3563.0000,4056.0000,1048.0000,477.0000
2023-05-17,805,-9999.0000,-9999.0000,-9999.0000,-9999.0000,-9999.0000,-9999.0000,-9999.0000,-9999.0000,-9999.0000,-9999.0000,-9999.0000
2023-05-17,805,-9999.0000,-9999.0000,-9999.0000,-9999.0000,-9999.0000,-9999.0000,-9999.0000,-9999.0000,-9999.0000,-9999.0000,-9999.0000
2023-05-22,805,-9999.0000,-9999.0000,-9999.0000,-9999.0000,-9999.0000,-9999.0000,-9999.0000,-9999.0000,-9999.0000,-9999.0000,-9999.0000
2023-05-22,805,-9999.0000,-9999.0000,-9999.0000,-9999.0000,-9999.0000,-9999.0000,-9999.0000,-9999.0000,-9999.0000,-9999.0000,-9999.0000
2023-05-27,805,1236.5646,920.5873,770.6034,497.5283,717.5333,2505.7000,4091.1145,4100.7220,4451.6543,932.3571,404.3349
2023-05-27,805,1236.0000,920.4667,769.5344,497.4016,715.4943,2505.8667,4100.9215,4098.9544,4450.3241,931.7273,404.0193
2023-06-01,805,1304.7311,996.0000,860.0000,618.4380,872.7778,2727.0000,4301.2000,4227.5004,4649.7881,1128.8571,576.6019
2023-06-01,805,1305.0000,996.0000,860.0000,618.5200,873.7272,2724.5714,4305.6662,4218.9018,4657.9028,1129.8000,576.8495
2023-06-06,805,1290.0000,981.0000,833.0000,564.4667,786.3333,2622.3144,4269.6335,4251.7157,4738.7295,1053.5833,450.7143
2023-06-06,805,1289.0000,981.0000,833.0000,564.5319,785.7273,2620.1730,4265.9768,4242.8747,4738.9865,1058.1000,452.8182
2023-06-11,805,1223.0000,919.0000,814.5881,536.4137,822.3762,2764.6675,4308.1236,4155.9079,4795.8060,1177.7500,488.8664
2023-06-11,805,1223.0000,919.0000,814.4828,536.4688,822.1667,2766.4286,4309.5000,4147.6828,4797.3534,1177.7273,493.6364
2023-06-11,805,1223.0000,919.0000,814.3630,534.5364,822.5000,2766.1824,4307.3186,4146.5669,4788.0988,1178.1111,489.3529
2023-06-11,805,1223.0000,919.0000,814.4244,536.5456,824.6667,2764.6547,4310.5366,4147.6140,4795.3268,1177.0000,493.8182
2023-06-16,805,1291.0000,1004.6305,916.5359,641.5378,941.2500,2781.2500,4163.5575,4163.0757,4699.7143,1276.8031,561.5796
2023-06-16,805,1290.0000,1006.5486,917.3477,641.3743,941.4849,2781.6576,4181.1052,4163.1665,4706.9571,1277.2302,561.2482
2023-06-26,805,1776.0000,1585.0000,1502.5024,1280.2500,1669.3333,3002.0000,3761.2090,3811.9904,4315.0000,1591.0000,816.5000
2023-06-26,805,1775.0000,1583.0000,1500.2221,1261.2580,1646.2500,3036.0000,3827.4827,3866.3339,4372.4827,1564.0000,779.0000
2023-07-06,805,1407.0000,1209.6083,1225.5310,1417.4089,1804.8027,2467.0000,2908.0000,2940.4545,3465.2500,1897.0000,1089.0137
2023-07-06,805,1405.0000,1209.4266,1225.3026,1414.0000,1809.0000,2460.1429,2900.5000,2947.0449,3466.7798,1878.0712,1086.4356
2023-07-11,805,1326.0000,1190.5714,1186.5101,1489.3889,1646.1842,1945.0371,2257.7170,2178.9344,2664.0000,2002.0921,1182.0000
2023-07-11,805,1326.0000,1190.5334,1188.5237,1489.8069,1641.9118,1941.0000,2260.2301,2179.1141,2674.2836,2004.6985,1183.0000
2023-07-16,805,1514.0000,1410.0000,1380.0000,1740.0000,1868.0000,2190.0000,2480.0000,2673.0000,2922.0000,2346.0000,1308.0000
2023-07-16,805,1475.0000,1338.5000,1237.3333,1450.5000,1510.0000,1766.0000,1977.0000,2194.5000,2237.0000,1755.0000,941.0230
2023-07-26,805,-9999.0000,-9999.0000,-9999.0000,-9999.0000,-9999.0000,-9999.0000,-9999.0000,-9999.0000,-9999.0000,-9999.0000,-9999.0000
2023-07-26,805,-9999.0000,-9999.0000,-9999.0000,-9999.0000,-9999.0000,-9999.0000,-9999.0000,-9999.0000,-9999.0000,-9999.0000,-9999.0000
2023-08-20,805,-9999.0000,-9999.0000,-9999.0000,-9999.0000,-9999.0000,-9999.0000,-9999.0000,-9999.0000,-9999.0000,-9999.0000,-9999.0000
2023-08-20,805,-9999.0000,-9999.0000,-9999.0000,-9999.0000,-9999.0000,-9999.0000,-9999.0000,-9999.0000,-9999.0000,-9999.0000,-9999.0000
2023-09-04,805,1568.0000,1420.3871,1429.6516,1709.1852,1901.4286,2257.6667,2533.4157,2499.5694,2828.1673,3259.4545,2149.7500
2023-09-09,805,1501.0000,1304.5241,1301.3408,1529.8771,1602.1008,1835.6547,2034.6218,1883.5321,2171.7665,2451.4979,2027.9146
2023-09-09,805,1500.0000,1304.2081,1301.4461,1529.7353,1601.4985,1836.0000,2035.6393,1883.9788,2170.3247,2451.2143,2027.6075
2023-09-24,805,1361.0000,1128.5547,1086.3661,1157.5882,1317.6667,1628.0000,1786.8821,1699.3438,1899.5010,1885.3333,1392.6004
2023-09-24,805,1363.0000,1130.3370,1085.5018,1157.3276,1323.0000,1636.1160,1783.7371,1703.1035,1897.5365,1889.0000,1401.2500
2023-09-29,805,-9999.0000,-9999.0000,-9999.0000,-9999.0000,-9999.0000,-9999.0000,-9999.0000,-9999.0000,-9999.0000,-9999.0000,-9999.0000
2023-09-29,805,-9999.0000,-9999.0000,-9999.0000,-9999.0000,-9999.0000,-9999.0000,-9999.0000,-9999.0000,-9999.0000,-9999.0000,-9999.0000
2023-10-14,805,-9999.0000,-9999.0000,-9999.0000,-9999.0000,-9999.0000,-9999.0000,-9999.0000,-9999.0000,-9999.0000,-9999.0000,-9999.0000
2023-10-14,805,-9999.0000,-9999.0000,-9999.0000,-9999.0000,-9999.0000,-9999.0000,-9999.0000,-9999.0000,-9999.0000,-9999.0000,-9999.0000
2023-11-03,805,-9999.0000,-9999.0000,-9999.0000,-9999.0000,-9999.0000,-9999.0000,-9999.0000,-9999.0000,-9999.0000,-9999.0000,-9999.0000
2023-11-03,805,-9999.0000,-9999.0000,-9999.0000,-9999.0000,-9999.0000,-9999.0000,-9999.0000,-9999.0000,-9999.0000,-9999.0000,-9999.0000
2023-11-08,805,-9999.0000,-9999.0000,-9999.0000,-9999.0000,-9999.0000,-9999.0000,-9999.0000,-9999.0000,-9999.0000,-9999.0000,-9999.0000
2023-11-08,805,-9999.0000,-9999.0000,-9999.0000,-9999.0000,-9999.0000,-9999.0000,-9999.0000,-9999.0000,-9999.0000,-9999.0000,-9999.0000
2023-12-13,805,-9999.0000,-9999.0000,-9999.0000,-9999.0000,-9999.0000,-9999.0000,-9999.0000,-9999.0000,-9999.0000,-9999.0000,-9999.0000
2023-12-13,805,-9999.0000,-9999.0000,-9999.0000,-9999.0000,-9999.0000,-9999.0000,-9999.0000,-9999.0000,-9999.0000,-9999.0000,-9999.0000
2023-12-18,805,1838.0000,1388.0000,1214.5700,692.4154,1371.6984,3210.1921,3591.6364,3479.6176,3832.5016,1250.9628,549.6364
2023-12-18,805,1838.0000,1388.0000,1214.3475,694.5459,1369.4167,3208.6104,3594.0658,3479.9259,3830.8639,1251.8154,550.0665
2024-01-27,805,1723.0000,1358.5910,1114.5319,1205.3846,1417.7143,1653.4373,1851.5384,1851.7099,2098.5991,1560.9908,1002.4659
2024-01-27,805,1722.0000,1358.5523,1114.4443,1205.9543,1412.9334,1653.6000,1852.5098,1850.8710,2098.5989,1568.0000,997.2329
2024-02-01,805,1776.0000,1443.0000,1179.0000,1293.0000,1443.0000,1658.0000,1851.0000,1885.2227,2170.9530,1849.0000,1197.8361
2024-02-01,805,1789.0000,1442.6867,1173.3228,1293.5000,1463.0000,1679.0000,1862.0000,1882.4133,2147.0000,1843.0000,1204.2249
2024-03-07,805,1809.0000,1494.0000,1330.2770,1316.3338,1557.5000,1814.0000,1972.0000,1940.5647,2098.7583,2073.0478,1538.5000
2024-03-07,805,1813.0000,1494.0000,1332.5442,1320.2092,1562.0639,1833.3333,1982.0000,1948.2540,2133.2383,2117.0000,1553.0000
2024-04-21,805,1768.0000,1453.2777,1331.4896,1362.2500,1592.2914,1901.0000,2072.0000,2010.9296,2193.0000,2021.0000,1469.3333
2024-04-21,805,1793.0000,1526.4000,1476.7500,1525.3333,1932.0000,2348.8000,2580.2778,2578.9018,2785.6654,2765.2000,2001.3333
2024-05-01,805,1605.0000,1418.3940,1422.4555,1645.1879,1749.8724,2149.1883,2429.2343,2283.1643,2585.8586,2627.5101,2298.4817
2024-05-01,805,1602.3714,1418.4818,1422.5333,1645.8818,1749.8521,2149.4214,2426.3750,2285.5036,2584.8750,2627.1333,2298.3112
2024-05-11,805,1552.5124,1361.5047,1377.2691,1491.8863,1667.3279,1979.5000,2179.3800,2074.8560,2268.3000,2218.6667,1755.8076
2024-05-11,805,1550.5623,1361.4401,1377.4327,1491.2305,1673.5714,1973.5000,2178.3333,2083.3878,2274.1429,2220.0000,1756.0000
2024-06-15,805,-9999.0000,-9999.0000,-9999.0000,-9999.0000,-9999.0000,-9999.0000,-9999.0000,-9999.0000,-9999.0000,-9999.0000,-9999.0000
2024-06-15,805,-9999.0000,-9999.0000,-9999.0000,-9999.0000,-9999.0000,-9999.0000,-9999.0000,-9999.0000,-9999.0000,-9999.0000,-9999.0000
2024-06-25,805,1440.5000,1245.4786,1390.1267,1347.8268,1772.7017,2985.7999,3370.0447,3156.0743,3561.6667,2546.6113,1860.3333
2024-06-25,805,1438.0000,1249.9626,1385.5130,1346.7621,1762.6164,2982.0708,3376.0000,3156.4207,3565.9053,2524.0258,1828.7500
2024-07-10,805,-9999.0000,-9999.0000,-9999.0000,-9999.0000,-9999.0000,-9999.0000,-9999.0000,-9999.0000,-9999.0000,-9999.0000,-9999.0000
2024-07-10,805,-9999.0000,-9999.0000,-9999.0000,-9999.0000,-9999.0000,-9999.0000,-9999.0000,-9999.0000,-9999.0000,-9999.0000,-9999.0000
2024-07-15,805,1267.0000,977.4552,997.5417,643.8939,1131.1883,3340.0338,4044.0000,3795.2359,4208.0000,1466.8333,705.5000
2024-07-15,805,1275.0000,977.5160,997.3655,643.6580,1137.9155,3348.0000,4051.6311,3795.4995,4219.0000,1467.1667,708.6158
2024-07-20,805,1280.0000,989.6471,997.2126,619.6774,1049.1263,3394.3315,4283.6332,3963.6808,4521.7399,1473.5000,651.5070
2024-07-20,805,1282.0000,989.3260,997.5574,619.3571,1045.8256,3394.2658,4308.6667,3964.2918,4523.3613,1467.3333,660.4286
2024-07-30,805,1267.0000,998.4848,1025.4450,641.2741,1101.0000,3548.4000,4491.1429,4199.4386,4742.0010,1499.5041,661.0000
2024-07-30,805,1267.0000,998.4985,1025.6400,643.7414,1101.6666,3547.5000,4499.8145,4200.0499,4732.0000,1491.3519,659.6340
2024-08-19,805,1550.0000,1236.0000,1157.0000,764.5035,1180.6962,3674.6667,4679.2283,4486.8570,5015.0000,1437.6000,541.4286
2024-08-19,805,1554.0000,1237.0000,1156.0000,764.5661,1180.3772,3674.8460,4680.2222,4486.3864,5016.1250,1437.1667,541.3994
2024-08-24,805,1206.0000,912.4419,961.3246,509.6154,1057.6923,3960.6251,5013.3664,4647.6798,5289.4994,1419.2500,547.7692
2024-08-24,805,1200.0000,912.5000,961.5716,509.1250,1057.4675,3976.6074,5015.5528,4646.3125,5268.3964,1417.4390,547.7500
2024-08-29,805,1364.0000,1060.3333,1049.5047,629.3542,1073.5556,3650.9997,4759.5568,4391.1697,5061.2880,1435.7143,563.0833
2024-08-29,805,1364.0000,1061.2235,1049.3543,629.6249,1074.2885,3649.9547,4760.6834,4390.4723,5062.5006,1434.1667,563.0625
2024-09-08,805,1310.0000,996.6067,1020.4970,541.4595,1101.7824,3978.5891,5096.2000,4808.7619,5448.0000,1462.0000,562.7843
2024-09-08,805,1306.0000,996.4255,1018.5122,541.6154,1097.5049,3978.0000,5081.6000,4806.3344,5444.1815,1457.4286,562.0000
2024-09-13,805,1918.0000,1340.0000,1345.0000,1035.0000,1552.0000,3757.0000,4461.0000,4102.0000,4792.0000,2063.0000,1296.0000
2024-09-13,805,1735.0000,1352.0000,1327.0000,1042.0000,1571.0000,3663.0000,4300.0000,4144.0000,4687.0000,2060.0000,1300.0000
2024-09-18,805,1804.0000,1537.0000,1440.3436,1525.4675,1645.6938,1973.8736,2180.1125,2035.3794,2299.9839,2361.4673,1960.7972
2024-09-18,805,1803.0000,1537.0000,1440.3289,1525.3073,1645.5238,1977.5376,2179.1154,2034.8418,2299.2584,2360.8000,1955.7591
2024-09-28,805,-9999.0000,-9999.0000,-9999.0000,-9999.0000,-9999.0000,-9999.0000,-9999.0000,-9999.0000,-9999.0000,-9999.0000,-9999.0000
2024-09-28,805,-9999.0000,-9999.0000,-9999.0000,-9999.0000,-9999.0000,-9999.0000,-9999.0000,-9999.0000,-9999.0000,-9999.0000,-9999.0000
2024-10-03,805,-9999.0000,-9999.0000,-9999.0000,-9999.0000,-9999.0000,-9999.0000,-9999.0000,-9999.0000,-9999.0000,-9999.0000,-9999.0000
2024-10-03,805,-9999.0000,-9999.0000,-9999.0000,-9999.0000,-9999.0000,-9999.0000,-9999.0000,-9999.0000,-9999.0000,-9999.0000,-9999.0000
2024-10-23,805,1456.0000,1112.0000,934.3333,866.5612,993.3351,1175.2326,1271.0406,1175.6044,1320.0000,1277.7500,949.7658
2024-10-23,805,1456.0000,1112.0000,932.5207,866.3913,997.7809,1171.8464,1271.4615,1174.8777,1320.0083,1274.0000,949.1872
2024-11-12,805,-9999.0000,-9999.0000,-9999.0000,-9999.0000,-9999.0000,-9999.0000,-9999.0000,-9999.0000,-9999.0000,-9999.0000,-9999.0000
2024-11-12,805,-9999.0000,-9999.0000,-9999.0000,-9999.0000,-9999.0000,-9999.0000,-9999.0000,-9999.0000,-9999.0000,-9999.0000,-9999.0000
2024-12-02,805,-9999.0000,-9999.0000,-9999.0000,-9999.0000,-9999.0000,-9999.0000,-9999.0000,-9999.0000,-9999.0000,-9999.0000,-9999.0000
2024-12-02,805,-9999.0000,-9999.0000,-9999.0000,-9999.0000,-9999.0000,-9999.0000,-9999.0000,-9999.0000,-9999.0000,-9999.0000,-9999.0000
2024-12-12,805,-9999.0000,-9999.0000,-9999.0000,-9999.0000,-9999.0000,-9999.0000,-9999.0000,-9999.0000,-9999.0000,-9999.0000,-9999.0000
2024-12-12,805,-9999.0000,-9999.0000,-9999.0000,-9999.0000,-9999.0000,-9999.0000,-9999.0000,-9999.0000,-9999.0000,-9999.0000,-9999.0000
2024-12-12,805,-9999.0000,-9999.0000,-9999.0000,-9999.0000,-9999.0000,-9999.0000,-9999.0000,-9999.0000,-9999.0000,-9999.0000,-9999.0000
2024-12-12,805,-9999.0000,-9999.0000,-9999.0000,-9999.0000,-9999.0000,-9999.0000,-9999.0000,-9999.0000,-9999.0000,-9999.0000,-9999.0000
2025-01-06,805,-9999.0000,-9999.0000,-9999.0000,-9999.0000,-9999.0000,-9999.0000,-9999.0000,-9999.0000,-9999.0000,-9999.0000,-9999.0000
2025-01-06,805,-9999.0000,-9999.0000,-9999.0000,-9999.0000,-9999.0000,-9999.0000,-9999.0000,-9999.0000,-9999.0000,-9999.0000,-9999.0000
2025-01-21,805,-9999.0000,-9999.0000,-9999.0000,-9999.0000,-9999.0000,-9999.0000,-9999.0000,-9999.0000,-9999.0000,-9999.0000,-9999.0000
2025-01-21,805,-9999.0000,-9999.0000,-9999.0000,-9999.0000,-9999.0000,-9999.0000,-9999.0000,-9999.0000,-9999.0000,-9999.0000,-9999.0000
2025-03-02,805,1394.0000,1100.0000,954.0000,732.4862,1170.5000,2043.4542,2244.0165,2179.8787,2331.6923,1389.5883,766.5754
2025-03-02,805,1396.0000,1100.0000,954.0000,730.4700,1172.0000,2043.9121,2244.0167,2179.4205,2332.0852,1389.2728,768.8529
2025-03-07,805,1465.0000,1149.0000,1048.4084,824.5160,1178.2500,2251.8527,2579.8335,2467.2456,2699.5347,1701.8350,1014.3333
2025-03-07,805,1467.0000,1148.0000,1048.4333,824.5000,1180.7414,2250.8608,2579.5718,2467.7759,2690.9785,1705.0000,1009.3899
2025-03-14,805,-9999.0000,-9999.0000,-9999.0000,-9999.0000,-9999.0000,-9999.0000,-9999.0000,-9999.0000,-9999.0000,-9999.0000,-9999.0000
2025-03-14,805,-9999.0000,-9999.0000,-9999.0000,-9999.0000,-9999.0000,-9999.0000,-9999.0000,-9999.0000,-9999.0000,-9999.0000,-9999.0000
2025-03-17,805,-9999.0000,-9999.0000,-9999.0000,-9999.0000,-9999.0000,-9999.0000,-9999.0000,-9999.0000,-9999.0000,-9999.0000,-9999.0000
2025-03-17,805,-9999.0000,-9999.0000,-9999.0000,-9999.0000,-9999.0000,-9999.0000,-9999.0000,-9999.0000,-9999.0000,-9999.0000,-9999.0000
2025-03-24,805,-9999.0000,-9999.0000,-9999.0000,-9999.0000,-9999.0000,-9999.0000,-9999.0000,-9999.0000,-9999.0000,-9999.0000,-9999.0000
2025-03-24,805,-9999.0000,-9999.0000,-9999.0000,-9999.0000,-9999.0000,-9999.0000,-9999.0000,-9999.0000,-9999.0000,-9999.0000,-9999.0000
2025-03-27,805,1320.0000,1009.0000,922.5708,669.4541,1005.0000,2395.7025,2858.4591,2803.4800,2995.4913,1490.0364,827.8444
2025-03-27,805,1323.0000,1010.5422,922.5022,665.8621,1009.8114,2387.2233,2859.4028,2803.8602,2997.2992,1490.4000,828.3846
2025-04-01,805,1276.6609,1010.5806,902.3150,661.5819,1145.1415,2665.5156,3194.6000,3099.1021,3371.0000,1617.0000,899.4425
2025-04-01,805,1278.0000,1010.4786,904.4989,661.6110,1149.0000,2665.0000,3197.1432,3099.5461,3371.8692,1618.3347,892.3179
2025-04-03,805,1314.9301,996.4965,896.5800,665.9549,1017.6287,2625.7143,3260.5115,3139.5933,3435.3770,1549.0000,851.1118
2025-04-03,805,1317.0000,994.4218,896.6334,661.6615,1021.0184,2627.1290,3269.0000,3139.3529,3435.5074,1545.4908,851.8751
2025-04-06,805,1230.7596,924.4388,834.4403,593.5621,929.4493,2570.0000,3260.1772,3251.8992,3443.0983,1411.6824,787.7116
2025-04-06,805,1228.5000,924.5344,834.3618,593.1944,929.8715,2570.0000,3260.2970,3251.4086,3451.7867,1411.9231,787.6250
2025-04-11,805,1212.8422,948.4165,825.5559,605.4323,1050.0000,2605.0000,3253.5691,3171.2059,3435.4529,1387.0578,738.3448
2025-04-11,805,1216.0000,948.5290,826.8583,601.5880,1049.9133,2605.8411,3251.2452,3171.1935,3435.8608,1387.5584,739.8305
2025-04-26,805,1173.0000,832.0000,656.5071,388.5329,572.4812,2091.7899,3035.0000,2931.1287,3197.4000,786.6250,309.1000
2025-04-26,805,1172.0000,832.0000,656.5195,388.4048,572.5000,2091.0000,3036.3063,2931.3190,3203.5860,784.5000,310.1623
2025-05-01,805,1114.0000,832.5318,637.6202,397.3748,651.4375,2189.5416,3169.5000,3059.3511,3369.8774,865.9286,370.6429
2025-05-01,805,1116.0000,832.4223,637.5408,397.8415,651.6500,2194.0000,3179.5714,3052.0953,3385.6000,866.9000,371.4070
2025-05-03,805,-9999.0000,-9999.0000,-9999.0000,-9999.0000,-9999.0000,-9999.0000,-9999.0000,-9999.0000,-9999.0000,-9999.0000,-9999.0000
2025-05-03,805,-9999.0000,-9999.0000,-9999.0000,-9999.0000,-9999.0000,-9999.0000,-9999.0000,-9999.0000,-9999.0000,-9999.0000,-9999.0000
2025-05-06,805,1423.0000,1030.4924,809.6052,529.4195,715.2953,2493.7229,3843.0000,3779.5531,4108.1812,940.8000,410.5294
2025-05-06,805,1420.0000,1030.4766,809.6810,529.5964,715.6744,2493.8333,3851.1565,3771.4724,4116.2493,946.0000,420.1250
2025-05-11,805,1098.3588,822.5054,633.5033,397.3158,673.3000,2363.8997,3531.6570,3428.3801,3761.2500,909.8750,395.1643
2025-05-11,805,1094.5000,822.5105,632.6550,396.6008,673.1795,2362.8977,3531.6100,3427.0509,3778.1429,909.1250,397.8000
