2017-04-26,308,173.0000,181.4194,396.0588,203.1176,933.4286,3668.7035,4727.7298,5064.2139,4967.5000,1708.0000,819.6667
2017-05-26,308,141.0000,124.0000,235.2273,75.8571,540.1429,2820.0000,3975.5976,4171.7972,4273.0000,1388.3333,668.5000
2017-06-02,308,507.0000,505.5282,717.7613,514.6155,1130.0000,3252.1972,4217.2635,4300.0000,4546.0000,1791.0000,924.7500
2017-06-05,308,-9999.0000,-9999.0000,-9999.0000,-9999.0000,-9999.0000,-9999.0000,-9999.0000,-9999.0000,-9999.0000,-9999.0000,-9999.0000
2017-08-04,308,1.0000,165.0000,523.9519,275.9074,1205.0000,3603.0000,4331.0104,4475.0535,4666.0000,2202.7856,1074.6824
2017-08-11,308,-9999.0000,-9999.0000,-9999.0000,-9999.0000,-9999.0000,-9999.0000,-9999.0000,-9999.0000,-9999.0000,-9999.0000,-9999.0000
2017-08-21,308,411.0000,922.6246,1113.4691,841.9933,1553.4444,3217.5000,3682.0000,3926.0000,4069.5000,2317.0000,1212.7325
2017-08-24,308,-9999.0000,-9999.0000,-9999.0000,-9999.0000,-9999.0000,-9999.0000,-9999.0000,-9999.0000,-9999.0000,-9999.0000,-9999.0000
2017-08-31,308,-9999.0000,-9999.0000,-9999.0000,-9999.0000,-9999.0000,-9999.0000,-9999.0000,-9999.0000,-9999.0000,-9999.0000,-9999.0000
2017-09-03,308,465.0000,571.0000,807.0000,663.0000,1414.0000,2979.0000,3469.0000,3719.0000,3893.0000,2484.0000,1329.0000
2017-09-10,308,-9999.0000,-9999.0000,-9999.0000,-9999.0000,-9999.0000,-9999.0000,-9999.0000,-9999.0000,-9999.0000,-9999.0000,-9999.0000
2017-09-13,308,-9999.0000,-9999.0000,-9999.0000,-9999.0000,-9999.0000,-9999.0000,-9999.0000,-9999.0000,-9999.0000,-9999.0000,-9999.0000
2017-09-20,308,-9999.0000,-9999.0000,-9999.0000,-9999.0000,-9999.0000,-9999.0000,-9999.0000,-9999.0000,-9999.0000,-9999.0000,-9999.0000
2017-09-23,308,356.0000,525.0000,789.2698,1109.3472,1712.0000,2076.0000,2348.3273,2676.6072,2850.5000,3001.0000,1825.5000
2017-10-03,308,456.0000,646.2085,913.6202,1395.8889,1854.0129,2082.0000,2347.7614,2627.0000,2796.5000,2693.0000,1616.3354
2017-10-13,308,736.5851,985.3502,1236.1878,1634.0000,2076.0000,2354.5000,2618.6233,2774.8947,3014.4993,3868.6667,2656.0000
2017-10-23,308,-9999.0000,-9999.0000,-9999.0000,-9999.0000,-9999.0000,-9999.0000,-9999.0000,-9999.0000,-9999.0000,-9999.0000,-9999.0000
2017-10-30,308,245.0000,301.2498,473.6657,675.5245,780.1222,795.7778,845.0000,919.1591,940.3243,1219.0003,995.0909
2017-11-09,308,-9999.0000,-9999.0000,-9999.0000,-9999.0000,-9999.0000,-9999.0000,-9999.0000,-9999.0000,-9999.0000,-9999.0000,-9999.0000
2017-11-12,308,-9999.0000,-9999.0000,-9999.0000,-9999.0000,-9999.0000,-9999.0000,-9999.0000,-9999.0000,-9999.0000,-9999.0000,-9999.0000
2017-11-19,308,-9999.0000,-9999.0000,-9999.0000,-9999.0000,-9999.0000,-9999.0000,-9999.0000,-9999.0000,-9999.0000,-9999.0000,-9999.0000
2017-12-09,308,-9999.0000,-9999.0000,-9999.0000,-9999.0000,-9999.0000,-9999.0000,-9999.0000,-9999.0000,-9999.0000,-9999.0000,-9999.0000
2017-12-12,308,-9999.0000,-9999.0000,-9999.0000,-9999.0000,-9999.0000,-9999.0000,-9999.0000,-9999.0000,-9999.0000,-9999.0000,-9999.0000
2017-12-17,308,1.0000,420.0000,449.8000,545.3703,642.0000,664.5000,708.0000,755.4688,745.6667,788.0000,654.0000
2017-12-19,308,-9999.0000,-9999.0000,-9999.0000,-9999.0000,-9999.0000,-9999.0000,-9999.0000,-9999.0000,-9999.0000,-9999.0000,-9999.0000
2017-12-27,308,-9999.0000,-9999.0000,-9999.0000,-9999.0000,-9999.0000,-9999.0000,-9999.0000,-9999.0000,-9999.0000,-9999.0000,-9999.0000
2018-01-01,308,292.0000,452.6667,469.5556,665.7273,746.2385,812.0000,867.1667,966.1579,963.0000,1124.3333,813.2392
2018-01-08,308,569.0000,529.7653,578.8571,743.4172,874.4000,930.9263,964.0036,983.8261,1052.2500,1274.0000,1014.9479
2018-01-16,308,-9999.0000,-9999.0000,-9999.0000,-9999.0000,-9999.0000,-9999.0000,-9999.0000,-9999.0000,-9999.0000,-9999.0000,-9999.0000
2018-01-21,308,1760.0000,1609.3333,1590.2500,1684.9551,1953.5000,2122.7774,2202.3317,2308.7500,2322.0000,1737.5000,1452.5000
2018-02-05,308,611.0000,722.0000,785.6842,869.1536,1005.0000,1115.0000,1172.0000,1253.4737,1209.5000,1252.9993,1019.4000
2018-02-07,308,450.0000,553.3615,739.1094,1011.8600,1225.3333,1316.5000,1386.0000,1525.9319,1499.6155,1916.0000,1666.7876
2018-02-10,308,-9999.0000,-9999.0000,-9999.0000,-9999.0000,-9999.0000,-9999.0000,-9999.0000,-9999.0000,-9999.0000,-9999.0000,-9999.0000
2018-02-12,308,-9999.0000,-9999.0000,-9999.0000,-9999.0000,-9999.0000,-9999.0000,-9999.0000,-9999.0000,-9999.0000,-9999.0000,-9999.0000
2018-02-20,308,-9999.0000,-9999.0000,-9999.0000,-9999.0000,-9999.0000,-9999.0000,-9999.0000,-9999.0000,-9999.0000,-9999.0000,-9999.0000
2018-02-22,308,235.0000,429.0080,587.6038,811.1921,962.1392,1051.4848,1115.5000,1128.4342,1187.3470,1577.5681,1357.1975
2018-02-25,308,283.0000,501.3935,709.4356,931.9317,1029.1111,1100.9776,1185.2503,1234.9398,1235.4000,1642.0000,1571.4994
2018-02-27,308,676.0000,707.1465,939.2168,1210.2500,1419.7731,1622.0000,1738.0000,1691.6000,1844.6667,2177.6948,1871.0000
2018-03-02,308,-9999.0000,-9999.0000,-9999.0000,-9999.0000,-9999.0000,-9999.0000,-9999.0000,-9999.0000,-9999.0000,-9999.0000,-9999.0000
2018-03-04,308,438.0000,706.0577,925.2521,1219.0834,1392.4000,1466.0000,1547.0000,1515.0073,1618.2500,2172.0000,2019.5316
2018-03-09,308,83.0000,168.5632,296.2785,409.0968,486.0000,524.7133,554.3333,549.5294,593.6000,668.5452,541.0000
2018-03-12,308,-9999.0000,-9999.0000,-9999.0000,-9999.0000,-9999.0000,-9999.0000,-9999.0000,-9999.0000,-9999.0000,-9999.0000,-9999.0000
2018-03-14,308,48.0000,446.3459,585.7118,795.0874,929.8333,1010.6667,1066.0000,1060.1768,1123.5000,1419.6667,1123.3098
2018-03-19,308,553.0000,640.0000,969.3211,1333.0667,1456.6328,1554.0000,1657.3333,1810.4800,1756.0000,2261.0000,2037.3470
2018-03-24,308,-9999.0000,-9999.0000,-9999.0000,-9999.0000,-9999.0000,-9999.0000,-9999.0000,-9999.0000,-9999.0000,-9999.0000,-9999.0000
2018-03-29,308,-9999.0000,-9999.0000,-9999.0000,-9999.0000,-9999.0000,-9999.0000,-9999.0000,-9999.0000,-9999.0000,-9999.0000,-9999.0000
2018-04-03,308,-9999.0000,-9999.0000,-9999.0000,-9999.0000,-9999.0000,-9999.0000,-9999.0000,-9999.0000,-9999.0000,-9999.0000,-9999.0000
2018-04-06,308,424.0000,613.4291,849.1144,1125.6910,1265.0800,1403.2857,1522.7500,1627.1343,1596.7308,1929.5300,1739.6260
2018-04-08,308,-9999.0000,-9999.0000,-9999.0000,-9999.0000,-9999.0000,-9999.0000,-9999.0000,-9999.0000,-9999.0000,-9999.0000,-9999.0000
2018-04-16,308,-9999.0000,-9999.0000,-9999.0000,-9999.0000,-9999.0000,-9999.0000,-9999.0000,-9999.0000,-9999.0000,-9999.0000,-9999.0000
2018-04-18,308,788.0000,929.9091,1361.2500,1697.6250,1977.8000,2397.0000,2577.0000,2612.1951,2697.8014,2728.6667,2357.0000
2018-04-21,308,633.0000,834.3529,1177.8170,1545.3447,1750.4266,1908.0000,2034.1429,2099.1111,2123.7500,2587.3333,2331.7612
2018-04-21,308,469.0000,760.2857,1161.0625,1565.6000,1766.0000,1897.5000,2019.3333,2082.6394,2115.0000,2603.7940,2339.1364
2018-04-23,308,-9999.0000,-9999.0000,-9999.0000,-9999.0000,-9999.0000,-9999.0000,-9999.0000,-9999.0000,-9999.0000,-9999.0000,-9999.0000
2018-04-26,308,534.0000,786.0000,828.0000,830.0000,1040.0000,1414.0000,1489.0000,2162.0000,1492.0000,1313.0000,917.0000
2018-05-03,308,-9999.0000,-9999.0000,-9999.0000,-9999.0000,-9999.0000,-9999.0000,-9999.0000,-9999.0000,-9999.0000,-9999.0000,-9999.0000
2018-05-06,308,601.0000,881.7368,1257.7302,1691.8155,1869.0000,2020.5000,2146.5449,2274.2500,2249.6667,2722.7500,2573.2500
2018-05-08,308,707.0000,985.1540,1427.7308,1914.9316,2132.3333,2290.0000,2432.0000,2522.2500,2557.3333,3033.7500,2746.0000
2018-05-11,308,588.4008,849.4000,1280.7510,1723.3571,1932.0000,2129.5000,2254.0000,2330.3846,2346.3333,2764.0000,2442.2793
2018-05-18,308,1333.0000,1522.9167,1971.0000,2404.0000,2697.0000,3042.0000,3233.0000,3387.5000,3370.0000,3467.5000,3016.0000
2018-05-21,308,590.0000,909.6263,1317.1337,1755.3005,1989.0000,2196.6321,2307.5000,2387.4283,2404.3333,2827.0000,2499.6667
2018-05-26,308,516.0000,912.9991,1365.3333,1757.0046,2066.0000,2378.0000,2614.0000,2612.6667,2714.3276,2884.0000,2608.0000
2018-05-28,308,558.0000,797.5000,1256.3333,1546.2222,1909.4470,2369.0000,2566.5000,2506.1510,2682.7056,2587.6667,2235.7500
2018-06-07,308,385.0000,666.1296,1180.8782,1148.0000,1891.3299,3323.2534,3567.0000,3561.0000,3616.5027,2379.7451,1678.0000
2018-06-10,308,330.0000,497.9899,1000.6926,811.8306,1636.2136,3507.4072,3863.0000,3802.7630,3932.0000,2044.7986,1300.8606
2018-06-20,308,-9999.0000,-9999.0000,-9999.0000,-9999.0000,-9999.0000,-9999.0000,-9999.0000,-9999.0000,-9999.0000,-9999.0000,-9999.0000
2018-06-25,308,-9999.0000,-9999.0000,-9999.0000,-9999.0000,-9999.0000,-9999.0000,-9999.0000,-9999.0000,-9999.0000,-9999.0000,-9999.0000
2018-06-27,308,299.0000,401.1281,857.4518,557.0000,1336.5000,3970.0000,4589.0000,4603.5618,4660.5000,1821.1054,945.5065
2018-06-30,308,304.0000,389.9058,829.4118,459.5528,1302.5000,4120.5000,4764.0000,4856.1429,4823.7912,1865.5000,947.8444
2018-07-02,308,270.0000,425.5333,929.4667,523.1619,1369.2500,4355.6920,5057.0104,5288.6667,5109.9584,2053.0000,1042.6000
2018-07-05,308,884.0000,998.4321,1314.0000,1080.5000,1778.0000,3722.2500,4348.0000,4386.4286,4447.0000,2029.7500,1354.0000
2018-07-07,308,358.0000,409.6154,952.5200,562.6730,1489.2050,4422.7099,5031.5000,5077.8922,5146.3382,2039.0000,1073.0000
2018-07-12,308,334.0000,453.9000,921.8636,531.4424,1362.1429,4314.7500,5069.0000,5001.0000,5092.7793,1923.6782,955.0000
2018-07-15,308,301.0000,441.4635,906.3799,483.5484,1387.5385,3905.0000,4595.5000,4837.1111,4612.0000,1746.5000,884.0069
2018-07-17,308,501.5445,470.0000,869.5000,595.0893,1347.0000,3306.0000,3830.7469,3588.0000,3976.0000,1722.5760,941.0000
2018-07-20,308,765.0000,841.9702,1145.0008,1012.0880,1571.0010,3114.0000,3556.5458,3651.8000,3650.3333,1746.7500,1173.5000
2018-07-22,308,-9999.0000,-9999.0000,-9999.0000,-9999.0000,-9999.0000,-9999.0000,-9999.0000,-9999.0000,-9999.0000,-9999.0000,-9999.0000
2018-07-27,308,502.0000,737.1714,1306.1005,907.8571,1922.2226,4583.7216,5177.4524,5093.3333,5302.0000,2452.5000,1363.3333
2018-08-04,308,634.0000,689.4797,1074.8863,707.0320,1516.7500,3442.1667,3978.0000,3938.7692,4035.5000,1641.9928,963.7359
2018-08-06,308,480.0000,499.5904,1146.9051,584.7502,1773.0000,4697.3333,5223.5000,5268.7051,5288.9173,2019.8798,987.5000
2018-08-11,308,320.0000,475.1786,1019.0552,503.4777,1492.4617,4052.0000,4534.3333,4596.5714,4563.5000,1459.5747,691.0000
2018-08-14,308,373.0000,587.6703,1259.8700,599.2706,1922.3333,4949.0000,5619.5000,5592.3047,5669.0000,1783.6316,866.5000
2018-08-21,308,-9999.0000,-9999.0000,-9999.0000,-9999.0000,-9999.0000,-9999.0000,-9999.0000,-9999.0000,-9999.0000,-9999.0000,-9999.0000
2018-08-24,308,-9999.0000,-9999.0000,-9999.0000,-9999.0000,-9999.0000,-9999.0000,-9999.0000,-9999.0000,-9999.0000,-9999.0000,-9999.0000
2018-08-26,308,271.0000,384.3750,971.5404,467.1380,1505.4973,4522.0000,5046.6667,5129.1544,5115.4418,1473.8333,669.1667
2018-09-05,308,-9999.0000,-9999.0000,-9999.0000,-9999.0000,-9999.0000,-9999.0000,-9999.0000,-9999.0000,-9999.0000,-9999.0000,-9999.0000
2018-09-13,308,252.0000,398.4338,834.0839,419.2941,1277.5000,3742.0000,4320.0000,4500.6000,4389.5000,1292.3411,644.1967
2018-09-18,308,309.0000,393.1429,857.2347,483.5500,1372.5000,3765.5452,4281.4968,4311.0769,4413.5000,1514.6667,763.0000
2018-09-20,308,-9999.0000,-9999.0000,-9999.0000,-9999.0000,-9999.0000,-9999.0000,-9999.0000,-9999.0000,-9999.0000,-9999.0000,-9999.0000
2018-09-25,308,227.0000,321.1731,810.1674,467.1265,1299.4878,3270.0000,3769.0000,4054.0000,3857.0000,1350.0000,685.3556
2018-09-30,308,394.0000,594.0714,872.9502,1138.9222,1342.1111,1504.7500,1610.3333,1673.0811,1709.3333,2099.7500,1849.0000
2018-10-05,308,570.0000,626.0000,949.1818,1251.4554,1449.1674,1580.3750,1681.4643,1714.4737,1786.2000,2170.5000,1882.0000
2018-10-10,308,413.0000,608.6667,869.3929,1186.8826,1346.1995,1410.6667,1507.3333,1546.6500,1597.1847,2123.6667,1925.2641
2018-10-13,308,339.0000,585.8000,837.8747,1098.0000,1257.6000,1341.8750,1477.3333,1474.2581,1549.6660,1874.0000,1709.2500
2018-10-15,308,559.0000,653.1779,982.2517,1322.0202,1522.2211,1616.5714,1706.8000,1666.9774,1812.2463,2340.2000,2066.0000
2018-10-18,308,-9999.0000,-9999.0000,-9999.0000,-9999.0000,-9999.0000,-9999.0000,-9999.0000,-9999.0000,-9999.0000,-9999.0000,-9999.0000
2018-10-28,308,1145.0000,1208.0000,1298.0000,1377.5049,1534.9240,1727.0000,1792.5000,1978.8444,1857.6667,1516.5000,1341.8081
2018-11-02,308,-9999.0000,-9999.0000,-9999.0000,-9999.0000,-9999.0000,-9999.0000,-9999.0000,-9999.0000,-9999.0000,-9999.0000,-9999.0000
2018-11-17,308,161.0000,277.4562,450.5349,620.6000,722.5217,755.2857,803.7974,887.0505,859.5000,1148.0000,946.7400
2018-12-02,308,-9999.0000,-9999.0000,-9999.0000,-9999.0000,-9999.0000,-9999.0000,-9999.0000,-9999.0000,-9999.0000,-9999.0000,-9999.0000
2018-12-04,308,390.0000,361.4055,465.4635,567.0242,723.5905,765.0006,796.2500,824.6666,844.3333,964.3333,731.0000
2018-12-07,308,-9999.0000,-9999.0000,-9999.0000,-9999.0000,-9999.0000,-9999.0000,-9999.0000,-9999.0000,-9999.0000,-9999.0000,-9999.0000
2018-12-09,308,-9999.0000,-9999.0000,-9999.0000,-9999.0000,-9999.0000,-9999.0000,-9999.0000,-9999.0000,-9999.0000,-9999.0000,-9999.0000
2018-12-12,308,-9999.0000,-9999.0000,-9999.0000,-9999.0000,-9999.0000,-9999.0000,-9999.0000,-9999.0000,-9999.0000,-9999.0000,-9999.0000
2018-12-14,308,694.0000,578.0000,568.8438,643.4880,795.1115,877.0000,891.6250,951.7671,945.3333,873.6135,662.2500
2018-12-22,308,-9999.0000,-9999.0000,-9999.0000,-9999.0000,-9999.0000,-9999.0000,-9999.0000,-9999.0000,-9999.0000,-9999.0000,-9999.0000
2018-12-24,308,458.0000,393.0401,451.7262,599.6120,722.2500,746.7097,769.0000,822.5853,827.7506,989.0762,737.1718
2019-01-03,308,765.0000,659.0000,723.0000,741.0000,985.0000,1180.0000,1237.0000,1352.0000,1274.0000,1253.0000,1015.0000
2019-01-08,308,-9999.0000,-9999.0000,-9999.0000,-9999.0000,-9999.0000,-9999.0000,-9999.0000,-9999.0000,-9999.0000,-9999.0000,-9999.0000
2019-01-18,308,275.0000,418.0000,461.8419,587.0423,749.5000,818.1851,866.6663,951.4444,919.0000,961.2221,715.5171
2019-01-21,308,290.0000,416.8537,472.7826,570.4690,697.1811,720.9671,755.2301,827.1667,802.0000,755.0000,673.5000
2019-01-23,308,-9999.0000,-9999.0000,-9999.0000,-9999.0000,-9999.0000,-9999.0000,-9999.0000,-9999.0000,-9999.0000,-9999.0000,-9999.0000
2019-01-28,308,-9999.0000,-9999.0000,-9999.0000,-9999.0000,-9999.0000,-9999.0000,-9999.0000,-9999.0000,-9999.0000,-9999.0000,-9999.0000
2019-02-07,308,203.0000,348.9287,429.3283,610.3309,778.0000,856.5000,938.3526,996.4615,988.3309,1219.6667,931.6667
2019-02-12,308,-9999.0000,-9999.0000,-9999.0000,-9999.0000,-9999.0000,-9999.0000,-9999.0000,-9999.0000,-9999.0000,-9999.0000,-9999.0000
2019-02-15,308,163.0000,309.3020,516.8519,707.6953,809.0112,874.9956,947.0000,1036.1747,995.4000,1369.5000,1156.8313
2019-02-20,308,-9999.0000,-9999.0000,-9999.0000,-9999.0000,-9999.0000,-9999.0000,-9999.0000,-9999.0000,-9999.0000,-9999.0000,-9999.0000
2019-02-25,308,325.0000,490.4444,746.3333,989.1869,1133.9973,1202.5000,1284.4000,1379.0000,1356.2017,1826.1104,1618.0000
2019-02-27,308,444.0000,636.9516,889.8583,1179.6736,1321.9058,1421.6667,1498.0000,1585.6000,1578.6667,2116.6735,1987.0000
2019-03-02,308,-9999.0000,-9999.0000,-9999.0000,-9999.0000,-9999.0000,-9999.0000,-9999.0000,-9999.0000,-9999.0000,-9999.0000,-9999.0000
2019-03-07,308,-9999.0000,-9999.0000,-9999.0000,-9999.0000,-9999.0000,-9999.0000,-9999.0000,-9999.0000,-9999.0000,-9999.0000,-9999.0000
2019-03-14,308,-9999.0000,-9999.0000,-9999.0000,-9999.0000,-9999.0000,-9999.0000,-9999.0000,-9999.0000,-9999.0000,-9999.0000,-9999.0000
2019-03-17,308,-9999.0000,-9999.0000,-9999.0000,-9999.0000,-9999.0000,-9999.0000,-9999.0000,-9999.0000,-9999.0000,-9999.0000,-9999.0000
2019-03-19,308,482.0000,594.3449,786.3332,1005.3824,1178.0000,1257.0000,1338.5000,1394.4286,1396.0000,1777.0000,1476.3303
2019-03-22,308,590.0000,797.3732,1044.6457,1277.0898,1466.2500,1585.5266,1701.5000,1794.9375,1772.5638,2133.1667,1978.2095
2019-03-27,308,-9999.0000,-9999.0000,-9999.0000,-9999.0000,-9999.0000,-9999.0000,-9999.0000,-9999.0000,-9999.0000,-9999.0000,-9999.0000
2019-03-29,308,759.0000,933.0965,1237.5714,1560.8889,1792.0000,1948.3132,2068.6741,2163.9946,2138.7073,2803.4286,2636.4393
2019-04-01,308,561.0000,817.6422,1161.5842,1523.1392,1693.7593,1809.7211,1913.0000,2075.6829,1988.5000,2555.3154,2444.0000
2019-04-08,308,864.0000,1028.0000,1305.4904,1637.4960,1889.2480,2126.0000,2270.2000,2339.0819,2344.0000,2915.0498,2740.0000
2019-04-11,308,-9999.0000,-9999.0000,-9999.0000,-9999.0000,-9999.0000,-9999.0000,-9999.0000,-9999.0000,-9999.0000,-9999.0000,-9999.0000
2019-04-13,308,-9999.0000,-9999.0000,-9999.0000,-9999.0000,-9999.0000,-9999.0000,-9999.0000,-9999.0000,-9999.0000,-9999.0000,-9999.0000
2019-04-16,308,716.0000,876.8236,1209.0434,1577.2500,1786.0000,1953.0000,2051.2573,2171.1966,2140.6667,2648.0000,2386.8000
2019-04-18,308,797.0000,1005.1795,1361.6609,1795.9785,2021.8000,2171.0000,2282.5446,2362.6154,2371.0155,3019.1494,2843.0606
2019-04-21,308,711.0000,940.9324,1272.7273,1636.3145,1821.6667,1981.5156,2099.3149,2218.4482,2171.4000,2691.8380,2561.0000
2019-05-11,308,866.0000,1037.0849,1328.5263,1722.0972,1949.3543,2141.6667,2308.3333,2427.3238,2401.5000,2874.6667,2673.6418
2019-05-13,308,789.0000,917.8980,1317.0978,1746.1756,1960.4247,2153.0054,2299.2834,2395.4545,2405.6000,2870.0000,2610.6348
2019-05-16,308,-9999.0000,-9999.0000,-9999.0000,-9999.0000,-9999.0000,-9999.0000,-9999.0000,-9999.0000,-9999.0000,-9999.0000,-9999.0000
2019-05-18,308,796.0000,1001.4862,1349.3226,1762.7057,1990.5000,2149.4187,2283.8000,2291.0526,2350.3333,2997.3310,2770.1362
2019-06-07,308,611.0000,749.7321,1028.5632,1339.4424,1537.3346,1789.0000,1918.3333,1923.5109,1985.0000,2285.0000,2018.6000
2019-06-10,308,-9999.0000,-9999.0000,-9999.0000,-9999.0000,-9999.0000,-9999.0000,-9999.0000,-9999.0000,-9999.0000,-9999.0000,-9999.0000
2019-06-17,308,798.0000,976.5302,1380.0000,1691.7474,2034.8662,2670.0000,2887.0000,2898.2780,2972.0000,3221.3420,2779.5000
2019-06-20,308,-9999.0000,-9999.0000,-9999.0000,-9999.0000,-9999.0000,-9999.0000,-9999.0000,-9999.0000,-9999.0000,-9999.0000,-9999.0000
2019-06-22,308,1071.0000,1104.5455,1484.3092,1676.2380,2141.2500,3084.7991,3351.0000,3403.5972,3494.5000,3347.3333,2721.6818
2019-06-27,308,607.0000,769.0000,1140.4000,1283.9741,1646.0000,2700.1753,3058.1808,3160.1217,3173.0000,2889.4121,2286.0000
2019-06-30,308,531.0000,677.0000,1013.0000,1084.0000,1489.0000,2154.0000,2307.0000,2518.0000,2313.0000,1957.0000,1464.0000
2019-07-02,308,849.0000,873.5813,1274.8500,1378.9212,1869.7771,3192.2750,3698.8475,3805.1924,3843.6527,3147.1250,2339.0000
2019-07-05,308,516.0000,608.6839,947.6899,1010.2428,1436.6793,2691.7226,3211.5000,3219.5781,3340.0000,2561.0000,1841.8559
2019-07-07,308,-9999.0000,-9999.0000,-9999.0000,-9999.0000,-9999.0000,-9999.0000,-9999.0000,-9999.0000,-9999.0000,-9999.0000,-9999.0000
2019-07-17,308,935.0000,916.0000,1120.0000,1007.0000,1478.0000,3701.0000,4727.0000,4664.0000,4887.0000,2909.0000,1938.0000
2019-07-22,308,429.0000,449.2500,769.8000,674.3750,1181.8649,2893.3314,3919.0000,3765.9436,4057.4244,2359.0000,1468.0000
2019-07-25,308,341.0000,418.1896,677.0000,571.3776,1013.3333,2788.0010,3859.0000,3847.9623,4025.3373,1955.1626,1100.5144
2019-07-27,308,678.0000,725.2452,937.8333,826.8333,1297.2089,3115.9469,4434.0000,4428.0000,4585.6667,2502.0000,1523.2897
2019-07-30,308,286.0000,432.3276,682.0000,610.8889,1051.4610,2745.0000,4088.0000,4166.7549,4201.0201,2133.4804,1338.5205
2019-08-04,308,699.0000,697.8707,845.0000,667.0000,1130.0000,3257.4356,4585.0000,4614.6071,4855.6792,2082.2909,1101.9085
2019-08-14,308,301.0000,332.5000,566.0515,417.1221,872.7870,2995.4534,4214.5000,4400.0000,4428.3765,1781.6667,867.1466
2019-08-16,308,906.0000,862.0109,1102.0000,837.8000,1441.0000,3886.0000,5087.0000,5156.0000,5247.0000,2422.0000,1372.0000
2019-08-19,308,-9999.0000,-9999.0000,-9999.0000,-9999.0000,-9999.0000,-9999.0000,-9999.0000,-9999.0000,-9999.0000,-9999.0000,-9999.0000
2019-08-21,308,542.0000,501.8667,762.0867,603.7359,1132.1421,3219.5000,4344.0000,4471.9680,4547.7345,2118.7500,1177.0000
2019-08-24,308,337.0000,401.8541,661.0000,587.0788,1065.1123,2840.0000,3771.0000,3977.5241,3972.9892,1985.5892,1187.7241
2019-08-26,308,419.0000,541.3754,769.1994,674.6601,1177.0000,3013.6667,4102.0000,4108.0000,4348.5000,2273.0000,1410.3329
2019-08-31,308,534.0000,548.5965,813.3892,733.7143,1174.0000,2843.0000,3652.3408,3798.0000,3862.1506,2068.7500,1313.0000
2019-09-05,308,-9999.0000,-9999.0000,-9999.0000,-9999.0000,-9999.0000,-9999.0000,-9999.0000,-9999.0000,-9999.0000,-9999.0000,-9999.0000
2019-09-08,308,639.0000,738.0000,863.0000,765.0000,1112.0000,2288.0000,2906.0000,3166.0000,2997.0000,1779.0000,1241.0000
2019-09-10,308,-9999.0000,-9999.0000,-9999.0000,-9999.0000,-9999.0000,-9999.0000,-9999.0000,-9999.0000,-9999.0000,-9999.0000,-9999.0000
2019-09-13,308,-9999.0000,-9999.0000,-9999.0000,-9999.0000,-9999.0000,-9999.0000,-9999.0000,-9999.0000,-9999.0000,-9999.0000,-9999.0000
2019-09-15,308,713.0000,850.4138,1088.5714,989.9961,1414.0000,2931.0000,3603.0000,3851.0659,3780.4992,2269.6326,1504.0179
2019-09-18,308,370.0000,482.6000,637.6275,576.8124,876.9132,1920.0000,2453.3110,2578.8276,2596.0000,1464.0000,1078.0000
2019-09-20,308,453.0000,485.5528,784.5317,737.7651,1185.5922,2577.8296,3166.0000,3286.0117,3323.0000,1968.0458,1309.0000
2019-09-30,308,-9999.0000,-9999.0000,-9999.0000,-9999.0000,-9999.0000,-9999.0000,-9999.0000,-9999.0000,-9999.0000,-9999.0000,-9999.0000
2019-10-03,308,-9999.0000,-9999.0000,-9999.0000,-9999.0000,-9999.0000,-9999.0000,-9999.0000,-9999.0000,-9999.0000,-9999.0000,-9999.0000
2019-10-10,308,-9999.0000,-9999.0000,-9999.0000,-9999.0000,-9999.0000,-9999.0000,-9999.0000,-9999.0000,-9999.0000,-9999.0000,-9999.0000
2019-10-13,308,753.0000,876.4663,1126.0000,1245.1305,1538.0000,1849.5000,2009.0000,1969.8333,2121.0000,1996.6663,1488.6308
2019-10-15,308,-9999.0000,-9999.0000,-9999.0000,-9999.0000,-9999.0000,-9999.0000,-9999.0000,-9999.0000,-9999.0000,-9999.0000,-9999.0000
2019-10-23,308,-9999.0000,-9999.0000,-9999.0000,-9999.0000,-9999.0000,-9999.0000,-9999.0000,-9999.0000,-9999.0000,-9999.0000,-9999.0000
2019-10-28,308,-9999.0000,-9999.0000,-9999.0000,-9999.0000,-9999.0000,-9999.0000,-9999.0000,-9999.0000,-9999.0000,-9999.0000,-9999.0000
2019-10-30,308,361.0000,524.8330,888.0000,1124.1354,1429.0000,1676.4692,1777.9990,1926.4615,1908.3333,2082.2813,1699.8123
2019-11-02,308,-9999.0000,-9999.0000,-9999.0000,-9999.0000,-9999.0000,-9999.0000,-9999.0000,-9999.0000,-9999.0000,-9999.0000,-9999.0000
2019-11-09,308,-9999.0000,-9999.0000,-9999.0000,-9999.0000,-9999.0000,-9999.0000,-9999.0000,-9999.0000,-9999.0000,-9999.0000,-9999.0000
2019-11-12,308,-9999.0000,-9999.0000,-9999.0000,-9999.0000,-9999.0000,-9999.0000,-9999.0000,-9999.0000,-9999.0000,-9999.0000,-9999.0000
2019-11-17,308,-9999.0000,-9999.0000,-9999.0000,-9999.0000,-9999.0000,-9999.0000,-9999.0000,-9999.0000,-9999.0000,-9999.0000,-9999.0000
2019-11-19,308,417.0000,510.7466,789.3593,978.8480,1305.0000,1476.6667,1563.3333,1688.1538,1693.5325,1587.1250,1148.3601
2019-11-22,308,206.0000,298.3701,413.0589,580.8333,691.0000,731.6457,788.0000,819.6875,852.0000,947.8808,708.4349
2019-11-29,308,-9999.0000,-9999.0000,-9999.0000,-9999.0000,-9999.0000,-9999.0000,-9999.0000,-9999.0000,-9999.0000,-9999.0000,-9999.0000
2019-12-02,308,305.0000,370.4286,454.2826,549.5591,633.4000,654.0000,684.5042,700.5874,712.5000,754.6287,541.8333
2019-12-04,308,422.0000,532.0000,568.0000,673.5090,774.3333,778.8010,818.6379,826.9333,843.6700,986.0000,738.3750
2019-12-09,308,-9999.0000,-9999.0000,-9999.0000,-9999.0000,-9999.0000,-9999.0000,-9999.0000,-9999.0000,-9999.0000,-9999.0000,-9999.0000
2019-12-12,308,430.0000,488.0000,508.0000,685.0000,783.0000,822.0000,860.3333,939.5010,916.7308,969.1619,732.5000
2019-12-14,308,-9999.0000,-9999.0000,-9999.0000,-9999.0000,-9999.0000,-9999.0000,-9999.0000,-9999.0000,-9999.0000,-9999.0000,-9999.0000
2019-12-27,308,398.0000,520.6834,518.4579,653.6730,781.6536,837.3333,901.0000,932.2363,926.0000,906.9519,748.1189
2019-12-29,308,-9999.0000,-9999.0000,-9999.0000,-9999.0000,-9999.0000,-9999.0000,-9999.0000,-9999.0000,-9999.0000,-9999.0000,-9999.0000
2020-01-03,308,-9999.0000,-9999.0000,-9999.0000,-9999.0000,-9999.0000,-9999.0000,-9999.0000,-9999.0000,-9999.0000,-9999.0000,-9999.0000
2020-01-06,308,-9999.0000,-9999.0000,-9999.0000,-9999.0000,-9999.0000,-9999.0000,-9999.0000,-9999.0000,-9999.0000,-9999.0000,-9999.0000
2020-01-13,308,-9999.0000,-9999.0000,-9999.0000,-9999.0000,-9999.0000,-9999.0000,-9999.0000,-9999.0000,-9999.0000,-9999.0000,-9999.0000
2020-01-18,308,604.0000,540.2006,625.3665,755.7549,1003.6667,1202.5000,1251.6825,1306.8423,1332.0036,1276.0012,938.6388
2020-01-26,308,-9999.0000,-9999.0000,-9999.0000,-9999.0000,-9999.0000,-9999.0000,-9999.0000,-9999.0000,-9999.0000,-9999.0000,-9999.0000
2020-02-05,308,-9999.0000,-9999.0000,-9999.0000,-9999.0000,-9999.0000,-9999.0000,-9999.0000,-9999.0000,-9999.0000,-9999.0000,-9999.0000
2020-02-07,308,413.0000,422.6784,648.9000,691.3220,963.0000,1282.6586,1355.7895,1431.7087,1434.8134,1373.1620,980.7101
2020-02-10,308,-9999.0000,-9999.0000,-9999.0000,-9999.0000,-9999.0000,-9999.0000,-9999.0000,-9999.0000,-9999.0000,-9999.0000,-9999.0000
2020-02-17,308,382.0000,397.4211,649.5511,730.7565,1042.2730,1436.6946,1541.3379,1572.0000,1629.5000,1482.8039,1082.8153
2020-02-25,308,-9999.0000,-9999.0000,-9999.0000,-9999.0000,-9999.0000,-9999.0000,-9999.0000,-9999.0000,-9999.0000,-9999.0000,-9999.0000
2020-03-01,308,-9999.0000,-9999.0000,-9999.0000,-9999.0000,-9999.0000,-9999.0000,-9999.0000,-9999.0000,-9999.0000,-9999.0000,-9999.0000
2020-03-03,308,412.0000,553.1389,754.0678,843.8384,1233.0000,1811.0000,1954.0000,2075.5090,2029.0874,1818.9150,1268.0473
2020-03-08,308,-9999.0000,-9999.0000,-9999.0000,-9999.0000,-9999.0000,-9999.0000,-9999.0000,-9999.0000,-9999.0000,-9999.0000,-9999.0000
2020-03-13,308,-9999.0000,-9999.0000,-9999.0000,-9999.0000,-9999.0000,-9999.0000,-9999.0000,-9999.0000,-9999.0000,-9999.0000,-9999.0000
2020-03-16,308,973.0000,963.0000,1168.0000,1214.0000,1698.0000,2440.0000,2708.0000,2670.0000,2785.0000,2335.0000,1792.0000
2020-03-18,308,-9999.0000,-9999.0000,-9999.0000,-9999.0000,-9999.0000,-9999.0000,-9999.0000,-9999.0000,-9999.0000,-9999.0000,-9999.0000
2020-03-21,308,453.0000,545.4615,882.0000,885.7018,1402.0000,2217.2590,2406.0000,2587.4605,2482.5283,2097.0000,1499.2349
2020-03-23,308,595.0000,729.5482,1092.5455,1123.2644,1643.6667,2614.4948,2819.9133,3091.3333,2947.0000,2580.3333,1979.3333
2020-03-26,308,591.0000,762.0684,1072.7500,1139.0567,1653.3333,2478.0000,2698.2360,2931.0231,2800.0000,2500.6512,1931.1423
2020-03-28,308,778.0000,833.1268,1200.3607,1323.0603,1884.3408,2714.3333,2939.3781,3065.1724,3053.9631,2764.1808,2084.4031
2020-03-31,308,562.0000,698.1927,1088.2003,1258.1603,1763.5228,2496.0000,2723.7500,2954.8429,2865.6667,2612.4806,1956.6667
2020-04-05,308,541.0000,733.3562,1117.2000,1251.0778,1740.0069,2551.0000,2802.6667,3044.4000,2923.1687,2578.9991,2025.0000
2020-04-07,308,727.0000,785.5333,1170.0000,1291.3365,1804.8676,2738.5000,3005.0000,3161.7958,3148.5886,2637.6809,1957.0000
2020-04-10,308,533.0000,658.7333,1052.5714,1154.6608,1675.8735,2665.0069,2946.0249,3076.1115,3099.0000,2491.5000,1819.3333
2020-04-12,308,743.0000,829.3141,1097.0667,1125.0811,1628.0000,2763.6667,3143.0000,3273.6667,3322.0000,2849.0000,2122.5000
2020-04-15,308,496.0000,625.3281,976.8798,1027.0000,1536.3715,2609.6667,2973.0000,3108.2000,3081.6939,2316.7500,1731.0000
2020-04-17,308,670.0000,681.8182,1032.0140,1075.4302,1642.5000,2852.0000,3213.2492,3306.0000,3351.0000,2465.0000,1779.7500
2020-04-20,308,463.0000,545.8000,890.0000,931.3517,1426.2855,2614.5000,2978.6145,3220.2092,3123.4719,2173.3333,1540.4627
2020-04-22,308,545.0000,633.6421,977.6667,978.7692,1472.0000,2828.1429,3250.5000,3516.0000,3371.5788,2354.0000,1698.5000
2020-04-25,308,593.0000,673.6256,989.7135,970.4326,1509.5000,2928.9592,3483.3333,3734.3848,3635.0000,2323.0000,1708.5000
2020-04-27,308,646.4878,637.5459,965.6450,963.6000,1508.0000,2848.5107,3267.3727,3403.5000,3438.0000,2257.3765,1579.7500
2020-04-30,308,-9999.0000,-9999.0000,-9999.0000,-9999.0000,-9999.0000,-9999.0000,-9999.0000,-9999.0000,-9999.0000,-9999.0000,-9999.0000
2020-05-02,308,-9999.0000,-9999.0000,-9999.0000,-9999.0000,-9999.0000,-9999.0000,-9999.0000,-9999.0000,-9999.0000,-9999.0000,-9999.0000
2020-05-05,308,-9999.0000,-9999.0000,-9999.0000,-9999.0000,-9999.0000,-9999.0000,-9999.0000,-9999.0000,-9999.0000,-9999.0000,-9999.0000
2020-05-07,308,602.0000,548.8000,866.0000,860.5556,1357.2722,2753.6667,3258.6044,3459.3333,3422.0636,2061.6667,1427.0000
2020-05-10,308,-9999.0000,-9999.0000,-9999.0000,-9999.0000,-9999.0000,-9999.0000,-9999.0000,-9999.0000,-9999.0000,-9999.0000,-9999.0000
2020-05-15,308,-9999.0000,-9999.0000,-9999.0000,-9999.0000,-9999.0000,-9999.0000,-9999.0000,-9999.0000,-9999.0000,-9999.0000,-9999.0000
2020-05-17,308,-9999.0000,-9999.0000,-9999.0000,-9999.0000,-9999.0000,-9999.0000,-9999.0000,-9999.0000,-9999.0000,-9999.0000,-9999.0000
2020-05-20,308,-9999.0000,-9999.0000,-9999.0000,-9999.0000,-9999.0000,-9999.0000,-9999.0000,-9999.0000,-9999.0000,-9999.0000,-9999.0000
2020-05-25,308,840.0000,868.0000,1008.5000,922.5000,1364.0000,2571.0957,3191.0000,3501.0000,3191.0000,1698.0000,1223.0000
2020-05-27,308,639.0000,593.4806,889.7977,915.5000,1373.5000,2657.5848,3267.0000,3419.2880,3441.5000,1957.5000,1378.0000
2020-05-30,308,549.0000,545.0000,801.5158,810.0000,1253.0000,2549.6526,3223.0000,3354.4951,3409.0000,1810.9290,1239.0000
2020-06-01,308,561.0000,629.0056,918.0000,955.0000,1396.0000,2713.0000,3345.3085,3611.0231,3555.9920,2028.0000,1429.0000
2020-06-06,308,-9999.0000,-9999.0000,-9999.0000,-9999.0000,-9999.0000,-9999.0000,-9999.0000,-9999.0000,-9999.0000,-9999.0000,-9999.0000
2020-06-19,308,533.0000,493.1818,613.8044,538.0000,857.6713,2052.5669,2571.6667,2610.6730,2690.9980,1267.0000,755.7500
2020-06-21,308,773.0000,737.7778,912.8750,828.0000,1260.5000,2712.2501,3373.0000,3392.0000,3556.0000,1977.0000,1314.6732
2020-06-24,308,393.0000,453.5714,653.1111,635.0000,995.7500,2153.5000,2765.0000,2860.0206,2931.1519,1620.0000,1126.3346
2020-06-26,308,567.0000,545.7500,844.4067,820.0237,1282.3333,2617.5000,3196.0684,3292.0000,3425.0000,1954.6693,1320.0000
2020-06-29,308,-9999.0000,-9999.0000,-9999.0000,-9999.0000,-9999.0000,-9999.0000,-9999.0000,-9999.0000,-9999.0000,-9999.0000,-9999.0000
2020-07-06,308,758.0000,673.0000,920.7123,880.0000,1427.0000,2520.0000,2925.0000,2944.5000,3157.0000,1795.0000,1055.0000
2020-07-11,308,-9999.0000,-9999.0000,-9999.0000,-9999.0000,-9999.0000,-9999.0000,-9999.0000,-9999.0000,-9999.0000,-9999.0000,-9999.0000
2020-07-19,308,436.0000,533.5000,785.5576,886.2006,1267.0000,1811.0124,2055.1742,2119.8667,2292.5815,1899.6667,1259.0000
2020-07-21,308,-9999.0000,-9999.0000,-9999.0000,-9999.0000,-9999.0000,-9999.0000,-9999.0000,-9999.0000,-9999.0000,-9999.0000,-9999.0000
2020-07-26,308,-9999.0000,-9999.0000,-9999.0000,-9999.0000,-9999.0000,-9999.0000,-9999.0000,-9999.0000,-9999.0000,-9999.0000,-9999.0000
2020-07-29,308,-9999.0000,-9999.0000,-9999.0000,-9999.0000,-9999.0000,-9999.0000,-9999.0000,-9999.0000,-9999.0000,-9999.0000,-9999.0000
2020-07-31,308,649.0000,1085.1111,1554.8013,2147.4286,2642.0000,3034.9237,3349.8717,3592.5590,3814.2241,4114.7979,2845.0000
2020-08-05,308,647.0000,1021.4448,1499.0383,2171.0000,2613.4948,2906.3360,3172.4297,3370.9053,3613.0000,3970.6667,2756.0000
2020-08-08,308,566.0000,937.4512,1393.4935,2037.0000,2445.5000,2718.0000,3009.3333,3222.5000,3426.7500,3765.3276,2532.6667
2020-08-10,308,946.0000,1234.0000,1616.0000,2074.0000,2380.0000,3054.0000,3479.0000,3564.0000,3847.0000,3327.0000,2354.0000
2020-08-13,308,-9999.0000,-9999.0000,-9999.0000,-9999.0000,-9999.0000,-9999.0000,-9999.0000,-9999.0000,-9999.0000,-9999.0000,-9999.0000
2020-08-15,308,1126.0000,1190.0000,1442.0000,1758.0000,2100.7727,2565.0000,2891.0000,2894.0000,3219.0000,3764.4973,2810.0437
2020-08-18,308,692.0000,890.2500,1142.0000,1476.6265,1744.0000,2099.9974,2317.0000,2378.6667,2572.5565,2896.0000,2122.5000
2020-08-23,308,832.0000,1021.4000,1213.2596,1488.6667,1784.0000,2120.5000,2372.4948,2455.0960,2598.6923,2836.4690,2062.0000
2020-08-28,308,733.1325,821.5956,1009.3333,1256.3991,1472.5000,1676.0138,1841.0000,1852.0000,1989.5000,2258.0000,1770.6667
2020-09-02,308,449.0000,722.0527,985.4734,1301.0757,1477.6667,1606.3636,1751.5196,1831.1964,1847.1624,2321.3333,2068.7077
2020-09-04,308,-9999.0000,-9999.0000,-9999.0000,-9999.0000,-9999.0000,-9999.0000,-9999.0000,-9999.0000,-9999.0000,-9999.0000,-9999.0000
2020-09-07,308,-9999.0000,-9999.0000,-9999.0000,-9999.0000,-9999.0000,-9999.0000,-9999.0000,-9999.0000,-9999.0000,-9999.0000,-9999.0000
2020-09-14,308,603.0000,765.8372,1100.1182,1428.1754,1649.1429,1821.0041,1960.0000,1991.1427,2075.0000,2609.5000,2253.1667
2020-09-17,308,379.0000,673.6471,1021.5629,1325.3846,1494.0000,1691.1884,1832.6452,1943.0879,1941.9984,2362.0000,1968.8778
2020-09-19,308,539.0000,792.6470,1073.2763,1370.4763,1557.8825,1735.8075,1879.8367,1941.4603,1989.6000,2619.2517,2338.6667
2020-09-22,308,394.0000,702.5776,973.8333,1260.8387,1416.9088,1571.2000,1686.8333,1783.7482,1799.6056,2289.2000,2075.6971
2020-09-24,308,553.0000,702.1456,996.8894,1321.9000,1505.5499,1654.4444,1780.5952,1848.6844,1906.2500,2406.0000,2021.1667
2020-09-29,308,-9999.0000,-9999.0000,-9999.0000,-9999.0000,-9999.0000,-9999.0000,-9999.0000,-9999.0000,-9999.0000,-9999.0000,-9999.0000
2020-11-03,308,318.0000,374.1516,605.8500,750.1429,949.5000,1077.8571,1143.9723,1238.1659,1237.8571,1452.9795,1123.0000
2020-11-08,308,-9999.0000,-9999.0000,-9999.0000,-9999.0000,-9999.0000,-9999.0000,-9999.0000,-9999.0000,-9999.0000,-9999.0000,-9999.0000
2020-11-18,308,222.0000,405.6575,585.5000,691.9049,881.1667,981.7834,1062.6667,1094.8000,1142.4993,1508.0105,1220.6667
2020-11-23,308,285.0000,293.9473,430.1852,530.8042,673.6000,747.1111,780.6667,835.8165,850.2500,907.3036,668.0000
2020-12-18,308,709.0000,905.2500,953.4000,1056.0000,1344.5000,1497.8000,1628.2426,1777.1761,1697.0000,1997.4638,1511.0000
2021-01-10,308,-9999.0000,-9999.0000,-9999.0000,-9999.0000,-9999.0000,-9999.0000,-9999.0000,-9999.0000,-9999.0000,-9999.0000,-9999.0000
2021-01-12,308,-9999.0000,-9999.0000,-9999.0000,-9999.0000,-9999.0000,-9999.0000,-9999.0000,-9999.0000,-9999.0000,-9999.0000,-9999.0000
2021-01-17,308,3561.0000,3954.0000,3895.4286,4042.4000,4345.3333,4469.6667,4488.0000,4600.0000,4546.4000,884.0562,695.0000
2021-01-22,308,1.0000,82.0000,292.5217,493.3354,644.6667,725.5827,773.4989,867.8519,855.0000,939.9849,717.4081
2021-01-25,308,499.0000,600.5736,672.7263,883.6776,1066.1667,1128.7589,1179.2326,1291.4920,1273.5000,1261.7500,946.2500
2021-02-04,308,-9999.0000,-9999.0000,-9999.0000,-9999.0000,-9999.0000,-9999.0000,-9999.0000,-9999.0000,-9999.0000,-9999.0000,-9999.0000
2021-02-09,308,-9999.0000,-9999.0000,-9999.0000,-9999.0000,-9999.0000,-9999.0000,-9999.0000,-9999.0000,-9999.0000,-9999.0000,-9999.0000
2021-02-11,308,9234.4459,9226.6667,9064.0000,9256.0000,9432.6348,9191.5000,8784.2000,9290.4000,8487.4743,675.1958,754.4385
2021-02-14,308,8400.1341,8403.8949,8167.0000,8262.4000,8405.3129,8228.5000,7956.0000,8436.0377,7719.6655,1268.3724,1303.0000
2021-02-24,308,442.0000,625.3077,909.1667,1157.1774,1401.3333,1493.8497,1595.0000,1659.0000,1706.7500,2322.8538,1956.3739
2021-02-26,308,543.0000,766.2885,1026.0000,1338.7732,1573.1971,1713.9470,1821.0000,1971.2250,1944.0000,2606.0000,2323.1250
2021-03-03,308,-9999.0000,-9999.0000,-9999.0000,-9999.0000,-9999.0000,-9999.0000,-9999.0000,-9999.0000,-9999.0000,-9999.0000,-9999.0000
2021-03-06,308,-9999.0000,-9999.0000,-9999.0000,-9999.0000,-9999.0000,-9999.0000,-9999.0000,-9999.0000,-9999.0000,-9999.0000,-9999.0000
2021-03-08,308,-9999.0000,-9999.0000,-9999.0000,-9999.0000,-9999.0000,-9999.0000,-9999.0000,-9999.0000,-9999.0000,-9999.0000,-9999.0000
2021-03-13,308,698.0000,664.0000,806.8315,1005.6000,1220.0000,1385.2000,1485.0000,1603.7383,1613.6667,1693.2049,1212.5000
2021-03-16,308,-9999.0000,-9999.0000,-9999.0000,-9999.0000,-9999.0000,-9999.0000,-9999.0000,-9999.0000,-9999.0000,-9999.0000,-9999.0000
2021-03-26,308,-9999.0000,-9999.0000,-9999.0000,-9999.0000,-9999.0000,-9999.0000,-9999.0000,-9999.0000,-9999.0000,-9999.0000,-9999.0000
2021-03-31,308,654.0000,892.5714,1196.6977,1516.0000,1745.3657,1920.0000,2059.0000,2202.5625,2162.0000,2748.0000,2562.9938
2021-04-05,308,833.0000,930.0000,1160.0000,1432.0000,1645.0000,2061.0000,2189.0000,2282.0000,2270.0000,2285.0000,1778.0000
2021-04-10,308,-9999.0000,-9999.0000,-9999.0000,-9999.0000,-9999.0000,-9999.0000,-9999.0000,-9999.0000,-9999.0000,-9999.0000,-9999.0000
2021-04-12,308,553.0000,595.6000,811.0435,1115.0000,1285.5007,1364.5000,1458.0000,1590.0526,1589.0000,1880.0000,1520.0000
2021-04-17,308,-9999.0000,-9999.0000,-9999.0000,-9999.0000,-9999.0000,-9999.0000,-9999.0000,-9999.0000,-9999.0000,-9999.0000,-9999.0000
2021-04-20,308,862.0000,993.6364,1169.1258,1389.1005,1617.7124,1837.5000,1995.3333,2055.3333,2060.0000,2413.4985,2197.2978
2021-04-22,308,729.0000,810.4968,1121.3333,1493.5385,1676.7773,1805.5000,1925.0000,2027.6522,2044.5000,2588.5015,2304.7339
2021-04-25,308,-9999.0000,-9999.0000,-9999.0000,-9999.0000,-9999.0000,-9999.0000,-9999.0000,-9999.0000,-9999.0000,-9999.0000,-9999.0000
2021-04-27,308,643.0000,829.0183,1117.1126,1490.8311,1674.6114,1806.5052,1916.4491,2026.7327,2026.0000,2629.7287,2428.2930
2021-05-02,308,-9999.0000,-9999.0000,-9999.0000,-9999.0000,-9999.0000,-9999.0000,-9999.0000,-9999.0000,-9999.0000,-9999.0000,-9999.0000
2021-05-05,308,-9999.0000,-9999.0000,-9999.0000,-9999.0000,-9999.0000,-9999.0000,-9999.0000,-9999.0000,-9999.0000,-9999.0000,-9999.0000
2021-05-07,308,1065.0000,968.0000,1050.0000,1188.0000,1686.0000,2405.0000,2651.0000,2724.0000,2753.0000,2489.0000,2113.0000
2021-05-12,308,-9999.0000,-9999.0000,-9999.0000,-9999.0000,-9999.0000,-9999.0000,-9999.0000,-9999.0000,-9999.0000,-9999.0000,-9999.0000
2021-05-20,308,469.0000,589.7008,741.7619,933.1429,1100.7500,1290.3418,1429.5588,1462.5789,1478.2500,1594.6379,1248.3655
2021-05-22,308,-9999.0000,-9999.0000,-9999.0000,-9999.0000,-9999.0000,-9999.0000,-9999.0000,-9999.0000,-9999.0000,-9999.0000,-9999.0000
2021-05-25,308,572.0000,702.5010,917.1055,1144.6667,1380.6667,1592.1400,1774.4963,1813.8964,1840.0000,1819.7436,1237.0715
2021-05-30,308,626.0000,937.6202,1339.2857,1660.8059,1987.1667,2227.6658,2392.0000,2484.6667,2520.9258,2971.4000,2728.6667
2021-06-01,308,820.4054,1093.1667,1577.2500,2011.4737,2320.5000,2549.5000,2741.3044,2857.6667,2874.4993,3360.0000,3026.0165
2021-06-04,308,-9999.0000,-9999.0000,-9999.0000,-9999.0000,-9999.0000,-9999.0000,-9999.0000,-9999.0000,-9999.0000,-9999.0000,-9999.0000
2021-06-06,308,1686.0000,1729.6000,1841.0933,1970.0000,2284.4082,2948.8819,3307.0000,3384.3333,3458.0000,3250.4864,2767.0000
2021-06-09,308,1055.0000,1186.0000,1454.0000,1672.8182,1989.2500,2428.0000,2700.3750,2699.4642,2766.0000,2545.7500,2225.5000
2021-06-11,308,1611.0000,1741.4785,2107.5000,2416.0000,2782.6667,3296.0000,3525.4046,3539.3333,3707.0000,3673.0000,3163.0000
2021-06-14,308,642.0000,913.5455,1300.7158,1658.9412,1900.0000,2238.0729,2361.0000,2435.8571,2489.2500,2777.1621,2387.5597
2021-06-16,308,813.0000,1085.4669,1476.9029,1794.3372,2123.9607,2604.0000,2836.2500,2794.2857,2924.6640,3148.0000,2776.0000
2021-06-26,308,845.0000,930.0000,1185.6145,1100.0000,1598.0000,2837.0000,3201.6005,3206.0000,3265.0000,2320.0000,1733.0000
2021-07-06,308,-9999.0000,-9999.0000,-9999.0000,-9999.0000,-9999.0000,-9999.0000,-9999.0000,-9999.0000,-9999.0000,-9999.0000,-9999.0000
2021-07-09,308,799.0000,833.2944,1073.0000,812.2000,1526.0000,3464.4662,4324.3333,4323.9609,4541.0000,2413.1338,1510.5000
2021-07-11,308,897.0000,802.0778,1056.3508,848.6000,1504.0000,3172.4030,3747.5634,3708.0000,3929.8055,2408.7079,1547.0000
2021-07-19,308,-9999.0000,-9999.0000,-9999.0000,-9999.0000,-9999.0000,-9999.0000,-9999.0000,-9999.0000,-9999.0000,-9999.0000,-9999.0000
2021-07-21,308,601.0000,557.7979,826.1111,635.9083,1148.0000,2961.0000,3677.0039,3716.3077,3835.0000,2202.0000,1365.5000
2021-07-26,308,-9999.0000,-9999.0000,-9999.0000,-9999.0000,-9999.0000,-9999.0000,-9999.0000,-9999.0000,-9999.0000,-9999.0000,-9999.0000
2021-07-29,308,356.0000,366.4118,520.9285,305.6863,657.5000,2572.2245,3547.3307,3604.4987,3646.0000,1299.0000,621.2854
2021-08-05,308,542.0000,509.5294,635.0800,403.3077,770.0000,2853.0000,3973.1798,3978.4000,4067.3956,1699.1931,869.3327
2021-08-10,308,-9999.0000,-9999.0000,-9999.0000,-9999.0000,-9999.0000,-9999.0000,-9999.0000,-9999.0000,-9999.0000,-9999.0000,-9999.0000
2021-08-15,308,515.0000,453.7212,653.0000,548.0000,1124.0000,3193.9792,4356.3333,4514.0000,4546.5000,2253.0000,1230.0000
2021-08-23,308,-9999.0000,-9999.0000,-9999.0000,-9999.0000,-9999.0000,-9999.0000,-9999.0000,-9999.0000,-9999.0000,-9999.0000,-9999.0000
2021-08-25,308,374.0000,349.4667,506.7835,307.6860,645.0000,2729.0000,3896.0000,3947.0982,4002.0000,1634.6624,763.4286
2021-08-28,308,-9999.0000,-9999.0000,-9999.0000,-9999.0000,-9999.0000,-9999.0000,-9999.0000,-9999.0000,-9999.0000,-9999.0000,-9999.0000
2021-09-02,308,-9999.0000,-9999.0000,-9999.0000,-9999.0000,-9999.0000,-9999.0000,-9999.0000,-9999.0000,-9999.0000,-9999.0000,-9999.0000
2021-09-04,308,493.0000,465.6053,649.6000,465.6000,862.5000,2866.3345,3987.5000,4137.8586,4170.0000,1859.2655,995.5260
2021-09-07,308,418.0000,505.4781,689.2501,533.9091,890.5000,2544.5313,3554.5000,3548.0000,3679.0000,1656.5007,978.5000
2021-09-09,308,436.0000,345.3125,541.6923,355.0431,700.0000,2354.0000,3139.0000,3108.0000,3233.0000,1354.8342,707.4874
2021-09-17,308,-9999.0000,-9999.0000,-9999.0000,-9999.0000,-9999.0000,-9999.0000,-9999.0000,-9999.0000,-9999.0000,-9999.0000,-9999.0000
2021-09-19,308,-9999.0000,-9999.0000,-9999.0000,-9999.0000,-9999.0000,-9999.0000,-9999.0000,-9999.0000,-9999.0000,-9999.0000,-9999.0000
2021-09-22,308,304.0000,337.6875,573.1818,403.2759,821.0372,2820.5000,3796.0000,3974.2133,3966.5000,1732.6644,900.0000
2021-09-24,308,-9999.0000,-9999.0000,-9999.0000,-9999.0000,-9999.0000,-9999.0000,-9999.0000,-9999.0000,-9999.0000,-9999.0000,-9999.0000
2021-10-04,308,206.0000,285.5500,526.0906,331.4865,749.0000,2796.0000,3687.6000,3863.7500,3846.3333,1706.5000,834.4766
2021-10-09,308,343.0000,322.0369,593.9388,387.4861,833.0000,2653.6667,3387.5000,3558.0000,3563.6667,1619.4886,813.4000
2021-10-12,308,-9999.0000,-9999.0000,-9999.0000,-9999.0000,-9999.0000,-9999.0000,-9999.0000,-9999.0000,-9999.0000,-9999.0000,-9999.0000
2021-10-24,308,443.0000,697.2945,997.8084,1330.5973,1555.8573,1667.6000,1766.0000,1925.0476,1897.9427,2116.8588,1571.2113
2021-10-27,308,-9999.0000,-9999.0000,-9999.0000,-9999.0000,-9999.0000,-9999.0000,-9999.0000,-9999.0000,-9999.0000,-9999.0000,-9999.0000
2021-10-29,308,-9999.0000,-9999.0000,-9999.0000,-9999.0000,-9999.0000,-9999.0000,-9999.0000,-9999.0000,-9999.0000,-9999.0000,-9999.0000
2021-11-01,308,419.0000,677.3832,1009.2345,1363.0000,1641.0000,1747.8000,1859.0000,1957.1547,1988.0000,2067.5159,1484.1910
2021-11-18,308,583.0000,653.7273,901.5333,1106.9449,1301.7288,1378.2594,1436.2835,1477.3234,1532.6202,1610.9875,1257.9160
2021-11-21,308,234.0000,378.6063,557.3800,779.5882,891.5813,943.0000,975.0000,1043.3648,1066.2500,1212.5637,867.6460
2021-11-23,308,420.0000,550.5000,633.5281,859.1667,973.2500,971.4999,1045.1247,1110.5833,1115.7500,1385.1557,1003.6857
2021-12-08,308,453.0000,473.5890,593.9409,874.5552,1037.0830,1050.8000,1098.8021,1159.8858,1181.1429,1332.2041,1013.0780
2021-12-11,308,-9999.0000,-9999.0000,-9999.0000,-9999.0000,-9999.0000,-9999.0000,-9999.0000,-9999.0000,-9999.0000,-9999.0000,-9999.0000
2021-12-16,308,-9999.0000,-9999.0000,-9999.0000,-9999.0000,-9999.0000,-9999.0000,-9999.0000,-9999.0000,-9999.0000,-9999.0000,-9999.0000
2021-12-21,308,425.0000,469.0000,537.6250,708.9991,843.5780,835.0713,891.5004,965.7759,948.5000,988.1167,748.6017
2021-12-26,308,269.0000,441.4849,505.5843,726.5996,830.1489,844.6384,900.0010,916.1343,947.0000,1226.0054,1201.5934
2022-01-02,308,-9999.0000,-9999.0000,-9999.0000,-9999.0000,-9999.0000,-9999.0000,-9999.0000,-9999.0000,-9999.0000,-9999.0000,-9999.0000
2022-01-05,308,-9999.0000,-9999.0000,-9999.0000,-9999.0000,-9999.0000,-9999.0000,-9999.0000,-9999.0000,-9999.0000,-9999.0000,-9999.0000
2022-01-07,308,-9999.0000,-9999.0000,-9999.0000,-9999.0000,-9999.0000,-9999.0000,-9999.0000,-9999.0000,-9999.0000,-9999.0000,-9999.0000
2022-01-10,308,-9999.0000,-9999.0000,-9999.0000,-9999.0000,-9999.0000,-9999.0000,-9999.0000,-9999.0000,-9999.0000,-9999.0000,-9999.0000
2022-01-20,308,74.0000,88.0000,108.0000,158.4885,204.0000,220.0000,240.6330,270.6429,272.6724,315.0000,225.0000
2022-01-20,308,1.0000,1.0000,1.0000,40.0000,119.0000,133.0000,166.4000,174.5556,189.0000,302.0000,218.0000
2022-01-30,308,278.0000,330.0000,384.0000,398.0000,472.0000,528.0000,562.5993,600.5000,580.5000,568.0000,393.0000
2022-02-11,308,582.0000,700.9972,833.2989,1002.8961,1163.1952,1323.5415,1427.0000,1526.4979,1501.1911,1579.2500,1220.3479
2022-02-19,308,-9999.0000,-9999.0000,-9999.0000,-9999.0000,-9999.0000,-9999.0000,-9999.0000,-9999.0000,-9999.0000,-9999.0000,-9999.0000
2022-02-24,308,363.0000,573.2287,793.2485,1011.3335,1174.0000,1261.0000,1332.0000,1394.5714,1406.6644,1584.0000,1343.0000
2022-02-26,308,461.0000,506.2857,758.1797,1005.1818,1145.9122,1226.0000,1303.0000,1395.1250,1372.0000,1525.2657,1108.6667
2022-03-03,308,650.0000,893.1520,1218.7133,1586.7065,1778.2000,1924.0000,1995.2000,2179.1222,2114.9818,2685.4771,2481.5000
2022-03-06,308,660.0000,945.0854,1268.3911,1618.7248,1779.6264,1913.5000,2019.7439,2195.4527,2091.5000,2565.9578,2448.0000
2022-03-08,308,755.0000,937.5018,1380.2428,1811.0909,2004.3333,2121.5297,2209.5645,2371.3000,2332.8948,2909.0368,2681.6463
2022-03-11,308,682.0000,924.9030,1324.3137,1721.8863,1906.5822,1997.4935,2093.0000,2219.4000,2172.3549,2780.6897,2537.5000
2022-03-16,308,684.0000,1010.1111,1385.0000,1779.1593,1963.5000,2084.1745,2179.7171,2282.1531,2268.6750,2745.0000,2616.0000
2022-03-18,308,848.0000,1024.8182,1448.2500,1897.8462,2115.8000,2218.7119,2331.4190,2434.9231,2427.4144,3011.9510,2797.5588
2022-03-21,308,611.0000,773.5183,1077.1818,1401.1009,1573.8000,1699.7500,1794.8798,1882.9167,1868.4622,2365.9744,2076.0000
2022-03-23,308,798.0000,1000.6470,1309.7500,1683.7011,1857.7500,2019.9299,2114.0000,2259.2500,2206.4880,2793.6128,2589.0000
2022-03-26,308,696.0000,930.0000,1220.8886,1541.9127,1717.9300,1873.6799,1987.3333,2084.3158,2050.2132,2508.5568,2357.6667
2022-03-28,308,826.0000,964.6675,1349.4358,1770.8235,1961.9678,2101.3965,2197.0000,2298.0000,2307.6667,2805.0104,2537.3333
2022-04-10,308,1041.0000,978.5000,1172.0000,1410.0000,1560.0000,1733.0000,1913.0000,1892.0000,2028.0000,2034.0000,1500.0000
2022-04-17,308,785.0000,978.1203,1417.0435,1906.6207,2085.5000,2213.0000,2350.0000,2490.5884,2436.0000,2937.0049,2666.6667
2022-04-20,308,675.0000,917.0310,1324.1667,1755.6526,1946.3333,2089.0000,2188.6667,2284.8000,2268.9352,2755.7704,2459.5000
2022-04-22,308,-9999.0000,-9999.0000,-9999.0000,-9999.0000,-9999.0000,-9999.0000,-9999.0000,-9999.0000,-9999.0000,-9999.0000,-9999.0000
2022-04-27,308,776.0000,777.3411,976.6667,1098.0000,1234.7755,1400.0000,1531.0000,1478.5072,1521.6268,1404.0000,1155.1704
2022-05-02,308,953.6024,1197.2447,1616.3529,2026.1533,2281.5027,2573.5128,2738.2500,2820.9145,2836.5000,3195.7748,2931.7550
2022-05-07,308,-9999.0000,-9999.0000,-9999.0000,-9999.0000,-9999.0000,-9999.0000,-9999.0000,-9999.0000,-9999.0000,-9999.0000,-9999.0000
2022-05-15,308,523.0000,756.8897,1080.7653,1333.0000,1550.0000,1831.0000,1964.0000,2019.8680,2005.5000,2069.5000,1877.4000
2022-05-22,308,927.0000,1024.0000,1236.0000,1220.6000,1600.0000,2302.0000,2488.0000,2568.7500,2554.0000,1808.0000,1349.3938
2022-05-25,308,-9999.0000,-9999.0000,-9999.0000,-9999.0000,-9999.0000,-9999.0000,-9999.0000,-9999.0000,-9999.0000,-9999.0000,-9999.0000
2022-05-27,308,632.0000,665.7175,1129.4464,1034.4501,1732.0000,3147.3375,3395.6667,3432.7341,3450.8000,2155.5000,1498.4013
2022-06-09,308,-9999.0000,-9999.0000,-9999.0000,-9999.0000,-9999.0000,-9999.0000,-9999.0000,-9999.0000,-9999.0000,-9999.0000,-9999.0000
2022-06-11,308,-9999.0000,-9999.0000,-9999.0000,-9999.0000,-9999.0000,-9999.0000,-9999.0000,-9999.0000,-9999.0000,-9999.0000,-9999.0000
2022-06-14,308,606.8909,683.3088,1075.6902,850.5000,1651.2030,3915.0000,4556.0000,4741.8214,4691.9578,1922.3766,1291.6887
2022-06-16,308,491.0000,545.0000,1003.3114,810.6723,1626.0000,3842.0000,4329.0000,4409.1429,4460.0000,1968.0000,1258.7819
2022-06-29,308,344.0000,337.3846,701.3468,387.6364,1137.0000,3571.5000,4136.0000,4123.6667,4169.0000,1410.0000,748.0000
2022-07-01,308,722.0000,756.0000,1088.0000,698.0000,1557.0000,3881.0000,4436.0000,4804.0000,4553.0000,1990.0000,1152.0000
2022-07-04,308,-9999.0000,-9999.0000,-9999.0000,-9999.0000,-9999.0000,-9999.0000,-9999.0000,-9999.0000,-9999.0000,-9999.0000,-9999.0000
2022-07-14,308,-9999.0000,-9999.0000,-9999.0000,-9999.0000,-9999.0000,-9999.0000,-9999.0000,-9999.0000,-9999.0000,-9999.0000,-9999.0000
2022-07-16,308,612.0000,514.0753,979.5714,600.0000,1530.0000,4411.0000,5044.3333,5170.5049,5181.5000,1997.5000,1132.0000
2022-07-19,308,439.0000,433.2222,860.4000,500.4118,1345.9385,3948.0000,4569.0000,4598.7143,4664.4814,1690.0000,876.0000
2022-07-24,308,306.0000,365.5385,786.9456,371.5309,1262.0000,3766.0000,4406.3333,4297.2222,4436.5277,1428.0000,733.0000
2022-07-29,308,361.0000,409.9039,896.9090,468.6923,1454.0000,4278.2500,4936.0000,4903.3333,5044.5000,1692.5000,846.0000
2022-08-03,308,301.0000,429.4286,917.5000,475.9216,1434.0000,3945.3333,4590.0000,4563.1429,4649.0000,1630.0000,877.0000
2022-08-08,308,-9999.0000,-9999.0000,-9999.0000,-9999.0000,-9999.0000,-9999.0000,-9999.0000,-9999.0000,-9999.0000,-9999.0000,-9999.0000
2022-08-10,308,546.0000,625.1588,1170.8571,716.4286,1678.0000,4263.0000,4813.0000,4868.7273,4885.5000,1964.6667,1091.6436
2022-08-13,308,365.0000,534.0800,1091.1733,651.5000,1652.0000,4045.3425,4612.0000,4743.7778,4708.6667,1756.0000,993.0000
2022-08-18,308,720.0000,653.3333,913.2962,532.4000,1181.0000,2826.0000,3108.2857,2938.3168,3176.0000,969.3333,435.1958
2022-08-20,308,587.0000,700.8503,1298.4615,746.8160,1849.2480,4554.0000,5109.0000,5174.4000,5180.0000,1898.5000,1001.0069
2022-08-23,308,934.0000,1024.0000,1404.9281,1093.6667,1888.6673,3642.0123,4171.0000,4099.7500,4331.3333,2189.0000,1425.3333
2022-08-25,308,548.0000,649.2566,1265.5667,826.1733,1964.5000,4439.6667,4886.0000,4853.2000,5050.0000,2091.0000,1171.5000
2022-08-28,308,-9999.0000,-9999.0000,-9999.0000,-9999.0000,-9999.0000,-9999.0000,-9999.0000,-9999.0000,-9999.0000,-9999.0000,-9999.0000
2022-09-02,308,988.0000,1142.0000,1462.0000,1149.2490,1897.3333,3498.5000,3917.5000,4009.8000,4008.5000,1723.0000,1178.0000
2022-09-07,308,521.0000,649.4167,1221.0000,789.8333,1894.0000,4123.0000,4551.0000,4531.7500,4678.4690,1720.6664,933.6108
2022-09-12,308,483.0000,653.3858,1121.0360,746.0339,1610.5000,3285.0000,3668.5000,3676.0000,3774.0000,1534.0000,933.0000
2022-09-19,308,-9999.0000,-9999.0000,-9999.0000,-9999.0000,-9999.0000,-9999.0000,-9999.0000,-9999.0000,-9999.0000,-9999.0000,-9999.0000
2022-09-22,308,302.0000,477.8739,933.2350,580.4286,1460.0000,3304.5000,3688.4661,3834.0000,3799.7500,1389.7377,789.0000
2022-09-29,308,351.0000,477.5619,913.7143,570.3345,1406.0000,3331.5000,3683.5000,3797.7143,3795.2500,1353.0000,693.6667
2022-10-04,308,-9999.0000,-9999.0000,-9999.0000,-9999.0000,-9999.0000,-9999.0000,-9999.0000,-9999.0000,-9999.0000,-9999.0000,-9999.0000
2022-10-07,308,277.0000,402.0500,841.2500,541.4615,1393.6239,3208.5000,3541.0000,3622.1560,3654.5000,1449.5000,787.0000
2022-10-09,308,302.0000,449.8448,859.1336,547.9985,1341.4241,3274.0000,3672.0208,3830.9779,3718.5000,1466.6418,799.0000
2022-10-12,308,-9999.0000,-9999.0000,-9999.0000,-9999.0000,-9999.0000,-9999.0000,-9999.0000,-9999.0000,-9999.0000,-9999.0000,-9999.0000
2022-10-22,308,841.0000,857.0000,1106.0000,800.0000,1445.0000,2894.0000,3239.0000,3177.3403,3315.0000,1406.0000,997.0000
2022-10-24,308,-9999.0000,-9999.0000,-9999.0000,-9999.0000,-9999.0000,-9999.0000,-9999.0000,-9999.0000,-9999.0000,-9999.0000,-9999.0000
2022-10-29,308,-9999.0000,-9999.0000,-9999.0000,-9999.0000,-9999.0000,-9999.0000,-9999.0000,-9999.0000,-9999.0000,-9999.0000,-9999.0000
2022-11-01,308,114.0000,321.0950,657.4437,435.6042,1117.0969,2700.0700,3052.0000,3160.5510,3190.2121,1298.9899,771.6226
2022-11-13,308,147.0000,209.3161,589.0000,401.5714,1057.5000,2695.3942,2986.0000,3158.9091,3160.2322,1268.2857,668.4000
2022-11-16,308,74.0000,212.5614,564.6667,377.3846,1084.2003,2711.6957,2982.7989,3112.7112,3175.5000,1187.6250,604.9000
2022-11-18,308,81.0000,202.3333,274.2857,164.8393,470.0000,1204.0000,1348.0000,1340.0000,1360.0000,432.0000,229.0000
2022-11-23,308,388.0000,442.4000,700.9670,717.3434,1211.2111,1908.0000,2090.6328,2213.8192,2319.0000,1458.2500,955.6804
2022-12-01,308,-9999.0000,-9999.0000,-9999.0000,-9999.0000,-9999.0000,-9999.0000,-9999.0000,-9999.0000,-9999.0000,-9999.0000,-9999.0000
2022-12-06,308,387.0000,432.1965,504.2500,506.0000,766.0000,949.6042,984.5000,1059.9192,1049.0000,614.0099,376.4036
2022-12-16,308,2140.0000,2082.9503,1971.0370,2147.5606,2317.0000,2331.0979,2379.0155,2503.0312,2436.2364,1178.8333,995.5851
2023-01-15,308,-9999.0000,-9999.0000,-9999.0000,-9999.0000,-9999.0000,-9999.0000,-9999.0000,-9999.0000,-9999.0000,-9999.0000,-9999.0000
2023-02-04,308,544.0000,593.5000,708.5000,788.7995,957.3306,1066.3333,1130.0000,1187.1429,1177.2726,1297.5022,963.0000
2023-02-06,308,-9999.0000,-9999.0000,-9999.0000,-9999.0000,-9999.0000,-9999.0000,-9999.0000,-9999.0000,-9999.0000,-9999.0000,-9999.0000
2023-02-14,308,307.0000,389.4652,569.4118,700.8502,869.2500,981.2500,1045.0000,1122.6500,1108.5000,1403.6667,1164.0490
2023-02-26,308,-9999.0000,-9999.0000,-9999.0000,-9999.0000,-9999.0000,-9999.0000,-9999.0000,-9999.0000,-9999.0000,-9999.0000,-9999.0000
2023-03-01,308,332.0000,525.1843,764.8979,923.5743,1129.0000,1345.5000,1426.4000,1578.8000,1490.0104,1773.6000,1632.7656
2023-03-03,308,605.0000,459.2956,561.0000,610.0000,769.0000,900.0000,946.0000,812.0000,995.0000,1035.0000,826.0000
2023-03-23,308,712.0000,590.0000,805.0000,787.0000,1123.0000,1603.0000,1711.0000,1828.0000,1792.0000,1549.0000,1005.0000
2023-04-02,308,569.0000,489.2255,717.4783,653.2500,1048.7500,1840.9235,2017.5600,2138.7143,2077.2218,1529.0000,964.5000
2023-04-05,308,456.0000,557.1538,893.1363,882.9104,1364.0000,2328.3333,2573.0000,2755.0502,2652.8534,2141.5827,1564.5000
2023-04-15,308,-9999.0000,-9999.0000,-9999.0000,-9999.0000,-9999.0000,-9999.0000,-9999.0000,-9999.0000,-9999.0000,-9999.0000,-9999.0000
2023-04-25,308,-9999.0000,-9999.0000,-9999.0000,-9999.0000,-9999.0000,-9999.0000,-9999.0000,-9999.0000,-9999.0000,-9999.0000,-9999.0000
2023-04-30,308,249.0000,290.6000,545.9530,371.3333,904.0000,2510.5000,3116.0000,3210.8333,3177.6663,1366.0000,827.5000
2023-05-02,308,671.0000,525.1920,843.3333,618.5714,1268.2388,3252.5000,3880.8869,4082.2857,4029.5000,1845.5000,1103.0000
2023-05-17,308,-9999.0000,-9999.0000,-9999.0000,-9999.0000,-9999.0000,-9999.0000,-9999.0000,-9999.0000,-9999.0000,-9999.0000,-9999.0000
2023-05-20,308,580.0000,506.5524,642.7000,499.0827,944.0000,2761.8140,3977.5024,4090.9773,4140.4530,1527.0000,932.6667
2023-05-22,308,629.0000,469.2308,642.5556,483.5833,898.2500,2868.5007,4053.0000,3984.6331,4186.5000,1507.5000,781.2000
2023-05-27,308,638.1258,605.5238,701.3571,564.0596,881.0000,2526.4000,3532.5964,3761.8158,3679.0000,1398.4108,853.8216
2023-05-30,308,330.0000,325.3294,435.0952,315.1667,650.0000,2345.8789,3629.6534,3745.6000,3786.0000,1129.8811,643.7349
2023-06-01,308,471.0000,345.4375,506.7857,387.6000,763.3333,2674.2500,3905.0000,4059.0000,4061.0000,1259.0000,687.0000
2023-06-04,308,402.5662,337.6000,466.6000,355.0000,681.5000,2362.0000,3529.5000,3706.6072,3696.0000,1097.6667,598.0000
2023-06-06,308,494.0000,449.2857,563.3636,427.2222,778.0000,2650.0000,3941.0029,4105.6139,4122.0000,1276.0000,706.3333
2023-06-09,308,355.0000,365.8889,483.0000,355.4444,691.6667,2397.5714,3741.6667,3836.5000,3917.6557,1119.0000,636.5000
2023-06-11,308,538.0000,445.5545,619.2607,499.1667,914.8000,2730.5000,3882.0000,3937.8085,4148.6667,1414.0000,746.5000
2023-06-14,308,340.0000,318.0000,483.3182,403.1111,763.3333,2419.2500,3559.0000,3740.0493,3806.5753,1228.0000,689.0000
2023-06-16,308,533.0000,533.0775,683.0714,571.4545,987.0000,2733.7500,3875.0164,4089.5046,4179.5000,1509.0000,873.9845
2023-06-21,308,563.0000,521.1382,755.9600,586.8696,1146.3333,3258.4886,4470.9664,4629.0197,4812.0000,1378.0000,650.3333
2023-06-24,308,299.2397,309.5714,498.9602,371.3529,797.5000,2353.8271,3257.0000,3299.5455,3490.7596,1143.0000,614.0000
2023-06-26,308,-9999.0000,-9999.0000,-9999.0000,-9999.0000,-9999.0000,-9999.0000,-9999.0000,-9999.0000,-9999.0000,-9999.0000,-9999.0000
2023-07-26,308,-9999.0000,-9999.0000,-9999.0000,-9999.0000,-9999.0000,-9999.0000,-9999.0000,-9999.0000,-9999.0000,-9999.0000,-9999.0000
2023-08-10,308,-9999.0000,-9999.0000,-9999.0000,-9999.0000,-9999.0000,-9999.0000,-9999.0000,-9999.0000,-9999.0000,-9999.0000,-9999.0000
2023-08-18,308,714.0000,1064.7368,1337.3333,1763.4737,2099.2000,2371.5000,2644.4637,2660.8862,2871.1446,3741.0000,2793.0000
2023-08-20,308,722.0000,1049.5770,1411.0000,1917.2500,2250.7500,2533.9264,2728.9304,2859.0000,3015.4000,3926.3333,2862.0000
2023-08-23,308,599.0000,921.5000,1250.2353,1683.1429,1992.0000,2265.0000,2471.1261,2549.0952,2727.4639,3651.0000,2604.0000
2023-08-28,308,585.0000,824.4254,946.0000,1092.3322,1380.0000,1622.0000,1829.0000,1993.1000,2055.7884,2082.0000,1536.3333
2023-09-04,308,974.0000,1148.0000,1334.0000,1533.0000,1860.0000,2369.7267,2618.4292,2833.1997,2915.3750,3105.0000,2331.7500
2023-09-07,308,426.0000,709.3540,949.0566,1234.5714,1519.0000,1829.3164,2039.0980,2233.6250,2342.0322,3002.0000,2320.0000
2023-09-09,308,654.0000,849.3991,1160.7273,1547.7143,1810.6667,2069.4223,2246.0000,2312.0000,2455.8586,3070.3264,2546.2500
2023-09-12,308,-9999.0000,-9999.0000,-9999.0000,-9999.0000,-9999.0000,-9999.0000,-9999.0000,-9999.0000,-9999.0000,-9999.0000,-9999.0000
2023-09-14,308,981.0000,1237.2500,1489.3124,1969.8571,2235.6667,2423.4693,2678.7588,2790.3732,2904.1667,3586.5000,2853.0000
2023-09-22,308,-9999.0000,-9999.0000,-9999.0000,-9999.0000,-9999.0000,-9999.0000,-9999.0000,-9999.0000,-9999.0000,-9999.0000,-9999.0000
2023-09-24,308,464.0000,673.4631,893.3838,1188.2000,1397.1975,1590.5000,1750.2005,1815.8235,1893.0000,2427.0000,1973.5000
2023-10-07,308,-9999.0000,-9999.0000,-9999.0000,-9999.0000,-9999.0000,-9999.0000,-9999.0000,-9999.0000,-9999.0000,-9999.0000,-9999.0000
2023-10-14,308,-9999.0000,-9999.0000,-9999.0000,-9999.0000,-9999.0000,-9999.0000,-9999.0000,-9999.0000,-9999.0000,-9999.0000,-9999.0000
2023-10-17,308,278.0000,505.1002,693.0008,916.9166,1089.5111,1251.5000,1362.7500,1446.7647,1461.6000,1722.1314,1419.5628
2023-10-22,308,-9999.0000,-9999.0000,-9999.0000,-9999.0000,-9999.0000,-9999.0000,-9999.0000,-9999.0000,-9999.0000,-9999.0000,-9999.0000
2023-11-11,308,527.0000,664.9782,950.0000,1084.6667,1529.0000,1969.0000,2148.0000,2296.6667,2293.0000,2039.0000,1346.0000
2023-11-28,308,422.0000,437.5749,641.2500,765.1166,1066.9677,1419.5000,1497.2500,1605.8010,1575.5714,1325.3333,833.0590
2023-12-01,308,-9999.0000,-9999.0000,-9999.0000,-9999.0000,-9999.0000,-9999.0000,-9999.0000,-9999.0000,-9999.0000,-9999.0000,-9999.0000
2023-12-06,308,-9999.0000,-9999.0000,-9999.0000,-9999.0000,-9999.0000,-9999.0000,-9999.0000,-9999.0000,-9999.0000,-9999.0000,-9999.0000
2023-12-26,308,1016.0000,1196.2500,1329.0537,1434.0000,1856.0000,2425.0000,2642.0000,2627.0000,2665.0000,1848.0000,1390.0000
2024-01-10,308,750.0000,902.7127,1093.7826,1415.3881,1674.4030,1870.0000,1972.3424,2168.9034,2136.0000,2454.5755,2106.6207
2024-01-22,308,-9999.0000,-9999.0000,-9999.0000,-9999.0000,-9999.0000,-9999.0000,-9999.0000,-9999.0000,-9999.0000,-9999.0000,-9999.0000
2024-01-27,308,404.0000,464.7059,672.7672,921.2857,1128.0000,1280.6667,1389.0000,1523.6869,1540.9609,1771.7426,1267.3464
2024-02-01,308,386.0000,654.1024,802.1818,1036.4748,1265.5000,1462.5000,1564.7831,1756.0000,1708.0007,1979.0985,1476.8333
2024-03-02,308,415.0000,665.1804,937.3428,1189.0000,1501.6785,1730.7853,1851.0018,2010.0000,1996.5026,2441.5062,1893.5000
2024-03-07,308,930.0000,981.4444,1289.1388,1476.7143,1861.6750,2237.0000,2380.5000,2564.1060,2555.3494,2926.6000,2324.5000
2024-03-25,308,-9999.0000,-9999.0000,-9999.0000,-9999.0000,-9999.0000,-9999.0000,-9999.0000,-9999.0000,-9999.0000,-9999.0000,-9999.0000
2024-04-14,308,639.0000,1073.4788,1504.9895,1713.9891,2123.5000,2515.6667,2680.0000,2859.7143,2821.1653,2704.0000,2296.0000
2024-04-21,308,832.0000,965.0862,1240.7059,1394.2222,1804.9898,2316.5000,2504.4998,2693.5000,2628.5064,2607.0000,1881.0129
2024-04-24,308,-9999.0000,-9999.0000,-9999.0000,-9999.0000,-9999.0000,-9999.0000,-9999.0000,-9999.0000,-9999.0000,-9999.0000,-9999.0000
2024-04-26,308,1001.0000,877.0611,1061.6000,1213.4286,1441.0000,1788.0000,1938.0000,1958.6154,2087.5000,1901.6667,1477.0649
2024-04-29,308,-9999.0000,-9999.0000,-9999.0000,-9999.0000,-9999.0000,-9999.0000,-9999.0000,-9999.0000,-9999.0000,-9999.0000,-9999.0000
2024-05-01,308,609.0000,801.3500,1049.1658,1322.5714,1574.0000,1818.5000,1980.0000,2010.8333,2115.6667,2516.5000,2171.0000
2024-05-11,308,836.0000,1025.0991,1344.6639,1672.9274,1932.2792,2250.5000,2435.0000,2466.0000,2546.6644,2883.1116,2577.6667
2024-05-14,308,616.0000,873.3206,1216.8598,1562.7273,1794.5000,1972.0000,2140.5000,2163.2000,2222.0000,2651.4804,2395.2016
2024-05-19,308,-9999.0000,-9999.0000,-9999.0000,-9999.0000,-9999.0000,-9999.0000,-9999.0000,-9999.0000,-9999.0000,-9999.0000,-9999.0000
2024-06-05,308,-9999.0000,-9999.0000,-9999.0000,-9999.0000,-9999.0000,-9999.0000,-9999.0000,-9999.0000,-9999.0000,-9999.0000,-9999.0000
2024-06-15,308,-9999.0000,-9999.0000,-9999.0000,-9999.0000,-9999.0000,-9999.0000,-9999.0000,-9999.0000,-9999.0000,-9999.0000,-9999.0000
2024-06-23,308,588.0000,753.7994,1056.5460,1075.8341,1556.0000,2061.2000,2258.8000,2283.6316,2355.1667,2183.0000,1661.0000
2024-06-25,308,653.0000,745.1441,1161.1064,1308.1695,1809.6524,2289.3333,2432.0000,2437.4286,2557.5000,2546.0107,2013.0000
2024-06-28,308,823.0000,1216.0000,1508.0000,1618.0000,1855.0000,2329.0000,2563.0000,3120.0000,2855.0000,2516.0000,1817.0000
2024-07-10,308,-9999.0000,-9999.0000,-9999.0000,-9999.0000,-9999.0000,-9999.0000,-9999.0000,-9999.0000,-9999.0000,-9999.0000,-9999.0000
2024-07-15,308,1652.0000,1526.0000,1654.0000,1592.0000,2047.0000,2727.0000,2953.0000,3032.2222,3098.0000,1996.4156,1519.0000
2024-07-18,308,637.0000,725.8252,1049.7527,1244.1480,1649.6915,2097.7500,2290.0000,2338.7778,2486.4938,2465.5000,1853.0000
2024-07-20,308,625.0000,785.2580,1115.5209,1330.9754,1747.9634,2211.0000,2430.0000,2394.7273,2568.0000,2748.9935,2219.1415
2024-07-28,308,572.0000,697.4286,1021.4250,1211.6667,1604.5000,1981.0000,2141.5820,2228.8182,2325.2050,2532.3597,1973.6167
2024-07-30,308,877.0000,1005.5046,1229.4766,1344.8994,1721.8704,2140.5000,2333.3333,2370.0000,2461.9578,2420.6044,1936.6971
2024-08-02,308,661.0000,857.3928,1157.5161,1377.8000,1796.3333,2171.0000,2384.7500,2452.1250,2586.5000,2806.4512,2267.0000
2024-08-07,308,-9999.0000,-9999.0000,-9999.0000,-9999.0000,-9999.0000,-9999.0000,-9999.0000,-9999.0000,-9999.0000,-9999.0000,-9999.0000
2024-08-12,308,434.0000,653.3571,953.7500,1187.7778,1571.8260,2091.0000,2355.0000,2345.0000,2537.5000,2536.7951,1946.2500
2024-08-17,308,365.0000,509.0000,817.0000,902.0000,1347.5000,1908.5000,2066.2838,2177.8333,2248.5000,2037.1427,1367.0000
2024-08-19,308,571.0000,849.0000,1168.0000,1291.0000,1820.0000,2515.5000,2762.6667,2859.2463,2953.5024,3020.0000,2262.0000
2024-08-22,308,-9999.0000,-9999.0000,-9999.0000,-9999.0000,-9999.0000,-9999.0000,-9999.0000,-9999.0000,-9999.0000,-9999.0000,-9999.0000
2024-08-27,308,502.0000,613.1364,841.3889,1077.1559,1270.5000,1452.8333,1569.4000,1612.0000,1666.2500,2035.3333,1675.2544
2024-09-01,308,553.0000,781.5116,1049.3235,1348.8000,1573.3333,1686.0000,1834.5000,1787.5455,1907.0000,2394.7500,2211.7188
2024-09-06,308,-9999.0000,-9999.0000,-9999.0000,-9999.0000,-9999.0000,-9999.0000,-9999.0000,-9999.0000,-9999.0000,-9999.0000,-9999.0000
2024-09-08,308,544.0000,737.1991,1009.6559,1362.2745,1546.3081,1668.8000,1770.2500,1819.0667,1872.3333,2461.7500,2188.0000
2024-09-11,308,526.0000,641.3931,773.0558,977.0044,1104.0000,1203.2000,1305.8000,1366.0625,1379.5000,1521.0000,1222.5000
2024-09-13,308,939.0000,913.7500,1147.6190,1450.7983,1640.0000,1747.0000,1851.3333,1895.0323,1971.5000,2338.0000,1869.3333
2024-09-18,308,693.0000,876.5000,1125.5059,1410.0000,1625.0000,1788.2691,1889.6667,1898.2222,1956.3105,2363.0000,2077.0000
2024-09-21,308,528.0000,809.4912,1112.9218,1428.8571,1634.0000,1786.5158,1892.3333,1931.5455,1980.2500,2379.0000,2169.0000
2024-09-23,308,-9999.0000,-9999.0000,-9999.0000,-9999.0000,-9999.0000,-9999.0000,-9999.0000,-9999.0000,-9999.0000,-9999.0000,-9999.0000
2024-09-26,308,-9999.0000,-9999.0000,-9999.0000,-9999.0000,-9999.0000,-9999.0000,-9999.0000,-9999.0000,-9999.0000,-9999.0000,-9999.0000
2024-09-28,308,467.0000,593.2291,773.1545,973.0580,1184.5154,1405.1667,1530.4279,1586.6667,1611.3333,1728.5000,1253.0213
2024-10-03,308,475.0000,485.2322,738.6112,907.2116,1154.0000,1387.3333,1483.0208,1526.6421,1570.5000,1733.5156,1272.6667
2024-10-11,308,-9999.0000,-9999.0000,-9999.0000,-9999.0000,-9999.0000,-9999.0000,-9999.0000,-9999.0000,-9999.0000,-9999.0000,-9999.0000
2024-10-16,308,592.0000,609.5000,817.5000,821.4323,1193.5000,1611.0000,1761.0000,1627.2857,1844.9990,1526.3333,1153.2494
2024-10-23,308,-9999.0000,-9999.0000,-9999.0000,-9999.0000,-9999.0000,-9999.0000,-9999.0000,-9999.0000,-9999.0000,-9999.0000,-9999.0000
2024-10-26,308,219.0000,341.7108,685.1690,515.9270,1126.5000,2109.0000,2243.4373,2183.5059,2278.0000,1644.7629,993.2480
2024-11-05,308,217.0000,337.6645,746.0000,451.5035,1217.1843,2631.4667,2823.3333,2902.7387,2871.0000,1675.2857,947.0000
2024-11-12,308,569.0000,480.2499,750.3695,398.2849,1107.0000,2691.3250,2750.0000,2565.9141,2840.0000,1456.0000,829.0000
2024-11-17,308,232.0000,380.3162,721.0387,379.3461,1162.0000,3051.7701,3332.9971,3478.6203,3337.5589,1787.8271,939.8182
2024-11-30,308,334.0000,469.1073,745.1812,443.1888,1149.6572,2709.3898,2982.7371,3062.4458,3045.4583,1394.3209,817.0000
2024-12-07,308,-9999.0000,-9999.0000,-9999.0000,-9999.0000,-9999.0000,-9999.0000,-9999.0000,-9999.0000,-9999.0000,-9999.0000,-9999.0000
2024-12-27,308,-9999.0000,-9999.0000,-9999.0000,-9999.0000,-9999.0000,-9999.0000,-9999.0000,-9999.0000,-9999.0000,-9999.0000,-9999.0000
2025-01-09,308,-9999.0000,-9999.0000,-9999.0000,-9999.0000,-9999.0000,-9999.0000,-9999.0000,-9999.0000,-9999.0000,-9999.0000,-9999.0000
2025-01-11,308,-9999.0000,-9999.0000,-9999.0000,-9999.0000,-9999.0000,-9999.0000,-9999.0000,-9999.0000,-9999.0000,-9999.0000,-9999.0000
2025-01-14,308,162.0000,120.7000,156.5000,58.0000,273.0000,720.3333,790.5000,770.3642,806.1407,313.0000,176.0000
2025-01-26,308,250.0000,392.2939,700.8235,354.6656,1178.9797,3320.5782,3655.3044,3894.6532,3752.6000,1707.2857,875.9701
2025-02-03,308,283.0000,362.5472,725.3460,435.2129,1298.8333,2997.2836,3269.8635,3608.0607,3418.6109,1604.7778,811.2174
2025-02-18,308,327.0000,469.4375,749.4540,523.3244,1225.0000,2796.1395,3153.5776,3463.3028,3276.7500,1753.8571,1065.2000
2025-02-23,308,-9999.0000,-9999.0000,-9999.0000,-9999.0000,-9999.0000,-9999.0000,-9999.0000,-9999.0000,-9999.0000,-9999.0000,-9999.0000
2025-02-28,308,163.0000,270.0000,427.0000,280.0000,674.0000,1768.0000,2060.0000,2104.0000,2135.0000,934.0000,572.0000
2025-03-02,308,-9999.0000,-9999.0000,-9999.0000,-9999.0000,-9999.0000,-9999.0000,-9999.0000,-9999.0000,-9999.0000,-9999.0000,-9999.0000
2025-03-05,308,285.0000,329.1558,677.2737,466.3418,1309.2737,2964.3333,3302.0896,3623.6597,3462.9123,1852.7500,982.0000
2025-03-07,308,353.0000,473.3030,761.1467,578.5015,1321.4485,3130.0000,3537.0000,3689.1569,3659.0000,2102.0000,1221.7778
2025-03-10,308,381.0000,517.2214,784.9994,594.7726,1334.2500,3018.3333,3460.1350,3731.0886,3628.4780,1861.7980,1097.0000
2025-03-12,308,-9999.0000,-9999.0000,-9999.0000,-9999.0000,-9999.0000,-9999.0000,-9999.0000,-9999.0000,-9999.0000,-9999.0000,-9999.0000
2025-03-14,308,-9999.0000,-9999.0000,-9999.0000,-9999.0000,-9999.0000,-9999.0000,-9999.0000,-9999.0000,-9999.0000,-9999.0000,-9999.0000
2025-03-15,308,-9999.0000,-9999.0000,-9999.0000,-9999.0000,-9999.0000,-9999.0000,-9999.0000,-9999.0000,-9999.0000,-9999.0000,-9999.0000
2025-03-17,308,501.0000,589.1370,867.0710,747.9500,1465.0000,3035.3887,3468.0015,3858.6667,3798.6119,2693.8374,1643.0000
2025-03-17,308,371.0000,449.0764,747.6148,651.3056,1352.8989,2762.0000,3158.0000,3492.1667,3468.3460,2393.7500,1437.0000
2025-03-20,308,368.0000,509.6000,763.5439,683.3999,1369.9499,2675.9959,3099.0000,3354.4325,3372.3337,2341.3900,1482.4000
2025-03-22,308,-9999.0000,-9999.0000,-9999.0000,-9999.0000,-9999.0000,-9999.0000,-9999.0000,-9999.0000,-9999.0000,-9999.0000,-9999.0000
2025-03-24,308,764.0000,717.5803,1017.5187,837.4167,1628.5000,3454.8598,3956.3965,4145.4829,4306.3067,2645.9937,1498.5639
2025-03-25,308,1238.0000,1152.0000,1476.0000,1250.0000,2269.0000,4265.5455,4738.0000,5080.8000,5075.0000,3389.0000,2035.0000
2025-03-27,308,421.0000,509.0208,769.2500,620.7645,1245.2619,2981.5611,3458.4858,3802.7494,3739.2500,2168.0000,1254.0169
2025-03-27,308,316.0000,385.2118,677.7284,541.2154,1182.2494,2836.3333,3300.3333,3642.5207,3558.8870,1948.0000,1080.5000
2025-03-30,308,-9999.0000,-9999.0000,-9999.0000,-9999.0000,-9999.0000,-9999.0000,-9999.0000,-9999.0000,-9999.0000,-9999.0000,-9999.0000
2025-04-01,308,382.0000,397.6562,717.4444,508.2278,1454.5026,3443.7989,3959.9021,4257.2399,4245.0897,2141.5000,1122.0000
2025-04-03,308,420.0000,397.2537,717.0625,491.2622,1249.8976,3437.2500,4027.2500,4337.5375,4291.9158,2077.3845,1077.0015
2025-04-04,308,302.0000,324.9573,641.5714,420.1816,1246.7844,3379.0000,3923.5000,4279.7826,4167.0929,1944.7500,957.6667
2025-04-06,308,325.0000,369.5064,673.0145,419.3789,1126.4206,3539.8902,4232.2653,4629.1895,4468.8601,1969.0000,1005.0000
2025-04-06,308,212.0000,261.7000,584.9914,363.6147,1093.4078,3371.0502,4056.6667,4411.0043,4278.7984,1813.6868,909.0000
2025-04-09,308,278.4920,356.9995,637.1256,379.9412,1124.0000,3403.6807,4103.7500,4411.4864,4363.7628,1725.0000,894.0000
2025-04-11,308,456.0000,505.3266,809.2353,539.0715,1487.0000,3761.4000,4389.5714,4678.0645,4648.3495,2021.1032,1013.5000
2025-04-19,308,349.0000,486.2947,654.7233,404.5894,889.0000,2538.5000,3091.0000,3242.1366,3186.3333,1040.3333,606.5980
2025-04-26,308,321.0000,353.2900,664.9248,265.2630,1024.0000,4186.0000,5130.0000,5431.6253,5292.4676,1678.0000,740.0000
2025-04-26,308,230.0000,254.2247,597.5385,229.2667,1050.0000,4147.6667,5109.7476,5402.8750,5271.9729,1582.5311,696.3333
2025-04-29,308,228.0000,301.3333,597.4701,235.2308,990.4078,3915.6000,4932.1402,5194.2500,5100.0000,1497.5000,701.0000
2025-05-01,308,332.0000,309.0000,633.5000,258.8333,1260.6000,4315.3333,5248.0000,5543.0000,5457.0000,1748.5000,769.0000
2025-05-03,308,342.0000,289.0007,621.4762,274.9688,1057.0000,4264.8000,5287.3474,5465.4690,5476.0000,1765.0000,824.0000
2025-05-06,308,-9999.0000,-9999.0000,-9999.0000,-9999.0000,-9999.0000,-9999.0000,-9999.0000,-9999.0000,-9999.0000,-9999.0000,-9999.0000
2025-05-06,308,-9999.0000,-9999.0000,-9999.0000,-9999.0000,-9999.0000,-9999.0000,-9999.0000,-9999.0000,-9999.0000,-9999.0000,-9999.0000
2025-05-09,308,555.0000,777.2406,1216.9091,796.8483,1836.7500,3789.3333,4474.5000,4902.5714,4902.2500,2711.0000,1693.3925
2025-05-11,308,479.0000,609.1111,1065.2306,955.4583,1995.4749,2906.3011,3195.6550,3483.4260,3604.6064,2667.9993,1660.1557
